SET @OLD_CHARACTER_SET_CLIENT=@@CHARACTER_SET_CLIENT;
SET @OLD_CHARACTER_SET_RESULTS=@@CHARACTER_SET_RESULTS;
SET @OLD_COLLATION_CONNECTION=@@COLLATION_CONNECTION;
SET NAMES utf8;

/*!40014 SET @OLD_UNIQUE_CHECKS=@@UNIQUE_CHECKS, UNIQUE_CHECKS=0 */;
/*!40014 SET @OLD_FOREIGN_KEY_CHECKS=@@FOREIGN_KEY_CHECKS, FOREIGN_KEY_CHECKS=0 */;
/*!40101 SET @OLD_SQL_MODE=@@SQL_MODE, SQL_MODE=NO_AUTO_VALUE_ON_ZERO */;


CREATE DATABASE /*!32312 IF NOT EXISTS*/ `tesca`;
USE `tesca`;
CREATE TABLE `product` (
  `product_id` int(10) unsigned NOT NULL auto_increment,
  `parent_id` int(10) unsigned NOT NULL,
  `branch_id` int(10) unsigned NOT NULL,
  PRIMARY KEY  (`product_id`)
) ENGINE=InnoDB DEFAULT CHARSET=utf8;
INSERT INTO `product` (`product_id`,`parent_id`,`branch_id`) VALUES (1,0,1),(2,1,1),(3,2,1),(4,3,1),(5,3,1),(6,3,1),(7,3,1),(8,3,1),(9,3,1),(10,3,1),(11,3,1),(12,3,1),(13,3,1),(14,3,1),(15,3,1),(16,3,1),(17,3,1),(18,3,1),(19,3,1),(20,2,1),(21,20,1),(22,20,1),(23,20,1),(24,20,1),(25,20,1),(26,20,1),(27,20,1),(28,20,1),(29,20,1),(30,20,1),(31,20,1),(32,20,1),(33,20,1),(34,20,1),(35,20,1),(36,20,1),(37,20,1),(38,20,1),(39,2,1),(40,39,1),(41,39,1),(42,39,1),(43,39,1),(44,39,1),(45,39,1),(46,39,1),(47,39,1),(48,39,1),(49,39,1),(50,39,1),(51,39,1),(52,39,1),(53,39,1),(54,39,1),(55,39,1),(56,39,1),(57,39,1),(58,39,1),(59,2,1),(60,59,1),(61,59,1),(62,59,1),(63,59,1),(64,59,1),(65,59,1),(66,59,1),(67,59,1),(68,59,1),(69,59,1),(70,59,1),(71,59,1),(72,59,1),(73,59,1),(74,59,1),(75,59,1),(76,59,1),(77,59,1),(78,59,1),(79,2,1),(80,79,1),(81,80,1),(82,80,1),(83,80,1),(84,80,1),(85,80,1),(86,80,1),(87,80,1),(88,80,1),(89,80,1),(90,80,1),(91,80,1),(92,80,1),(93,79,1),(94,93,1),(95,93,1),(96,93,1),(97,93,1),(98,93,1);
INSERT INTO `product` (`product_id`,`parent_id`,`branch_id`) VALUES (99,93,1),(100,93,1),(101,93,1),(102,93,1),(103,93,1),(104,93,1),(105,93,1),(106,79,1),(107,106,1),(108,106,1),(109,106,1),(110,106,1),(111,106,1),(112,106,1),(113,106,1),(114,106,1),(115,106,1),(116,106,1),(117,106,1),(118,106,1);
CREATE TABLE `product_counter` (
  `product_id` int(10) unsigned NOT NULL,
  `count` int(10) unsigned NOT NULL,
  `time` varchar(45) character set latin1 default NULL,
  PRIMARY KEY  (`product_id`)
) ENGINE=InnoDB DEFAULT CHARSET=utf8;
INSERT INTO `product_counter` (`product_id`,`count`,`time`) VALUES (4,15072,'2019-03-26 16:30:02'),(6,15000,'2019-03-26 10:54:52'),(17,15009,'2019-03-26 11:44:27'),(23,15180,'2019-03-26 13:57:07'),(34,15013,'2019-03-26 10:59:17'),(45,15001,'2019-03-26 11:49:48'),(63,15015,'2019-03-26 11:00:41'),(95,15001,'2019-03-26 10:54:34');
CREATE TABLE `product_parameters` (
  `product_id` int(10) unsigned NOT NULL,
  `name` varchar(45) NOT NULL,
  `description` varchar(255) default NULL,
  `value` varchar(127) NOT NULL,
  `time` varchar(45) NOT NULL default '',
  `user_id` int(10) unsigned NOT NULL,
  `property` smallint(5) unsigned NOT NULL,
  `vtype` int(5) unsigned NOT NULL,
  `text` text,
  `parameter_id` int(10) unsigned NOT NULL,
  `tester_id` int(10) unsigned NOT NULL,
  PRIMARY KEY  (`parameter_id`),
  KEY `Index_1` (`product_id`)
) ENGINE=InnoDB DEFAULT CHARSET=latin2;
INSERT INTO `product_parameters` (`product_id`,`name`,`description`,`value`,`time`,`user_id`,`property`,`vtype`,`text`,`parameter_id`,`tester_id`) VALUES (4,'Indice','','40S','2019-03-20 10:07:21',1,18,2,NULL,1,0),(5,'Indice','','44S','2019-03-20 10:07:21',1,18,2,NULL,2,0),(6,'Indice','','44S','2019-03-20 10:07:21',1,18,2,NULL,3,0),(7,'Indice','','44S','2019-03-20 10:07:21',1,18,2,NULL,4,0),(8,'Indice','','44S','2019-03-20 10:07:21',1,18,2,NULL,5,0),(9,'Indice','','44S','2019-03-20 10:07:21',1,18,2,NULL,6,0),(10,'Indice','','44S','2019-03-20 10:07:21',1,18,2,NULL,7,0),(11,'Indice','','44S','2019-03-20 10:07:21',1,18,2,NULL,8,0),(12,'Indice','','44S','2019-03-20 10:07:21',1,18,2,NULL,9,0),(13,'Indice','','44S','2019-03-20 10:07:21',1,18,2,NULL,10,0),(14,'Indice','','44S','2019-03-20 10:07:21',1,18,2,NULL,11,0),(15,'Indice','','44S','2019-03-20 10:07:21',1,18,2,NULL,12,0),(16,'Indice','','44S','2019-03-20 10:07:21',1,18,2,NULL,13,0),(17,'Indice','','35S','2019-03-20 10:07:21',1,18,2,NULL,14,0),(18,'Indice','','39S','2019-03-20 10:07:21',1,18,2,NULL,15,0);
INSERT INTO `product_parameters` (`product_id`,`name`,`description`,`value`,`time`,`user_id`,`property`,`vtype`,`text`,`parameter_id`,`tester_id`) VALUES (19,'Indice','','39S','2019-03-20 10:07:21',1,18,2,NULL,16,0),(21,'Indice','','40S','2019-03-20 10:07:21',1,18,2,NULL,17,0),(22,'Indice','','44S','2019-03-20 10:07:21',1,18,2,NULL,18,0),(23,'Indice','','44S','2019-03-20 10:07:21',1,18,2,NULL,19,0),(24,'Indice','','44S','2019-03-20 10:07:21',1,18,2,NULL,20,0),(25,'Indice','','44S','2019-03-20 10:07:21',1,18,2,NULL,21,0),(26,'Indice','','44S','2019-03-20 10:07:21',1,18,2,NULL,22,0),(27,'Indice','','44S','2019-03-20 10:07:21',1,18,2,NULL,23,0),(28,'Indice','','44S','2019-03-20 10:07:22',1,18,2,NULL,24,0),(29,'Indice','','41S','2019-03-20 10:07:22',1,18,2,NULL,25,0),(30,'Indice','','41S','2019-03-20 10:07:22',1,18,2,NULL,26,0),(31,'Indice','','41S','2019-03-20 10:07:22',1,18,2,NULL,27,0),(32,'Indice','','41S','2019-03-20 10:07:22',1,18,2,NULL,28,0),(33,'Indice','','43S','2019-03-20 10:07:22',1,18,2,NULL,29,0),(34,'Indice','','40S','2019-03-20 10:07:22',1,18,2,NULL,30,0);
INSERT INTO `product_parameters` (`product_id`,`name`,`description`,`value`,`time`,`user_id`,`property`,`vtype`,`text`,`parameter_id`,`tester_id`) VALUES (35,'Indice','','40S','2019-03-20 10:07:22',1,18,2,NULL,31,0),(36,'Indice','','35S','2019-03-20 10:07:22',1,18,2,NULL,32,0),(37,'Indice','','39S','2019-03-20 10:07:22',1,18,2,NULL,33,0),(38,'Indice','','39S','2019-03-20 10:07:22',1,18,2,NULL,34,0),(40,'Indice','','40S','2019-03-20 10:07:22',1,18,2,NULL,35,0),(41,'Indice','','40S','2019-03-20 10:07:22',1,18,2,NULL,36,0),(42,'Indice','','44S','2019-03-20 10:07:22',1,18,2,NULL,37,0),(43,'Indice','','44S','2019-03-20 10:07:22',1,18,2,NULL,38,0),(44,'Indice','','44S','2019-03-20 10:07:22',1,18,2,NULL,39,0),(45,'Indice','','44S','2019-03-20 10:07:22',1,18,2,NULL,40,0),(46,'Indice','','44S','2019-03-20 10:07:22',1,18,2,NULL,41,0),(47,'Indice','','44S','2019-03-20 10:07:22',1,18,2,NULL,42,0),(48,'Indice','','43S','2019-03-20 10:07:22',1,18,2,NULL,43,0),(49,'Indice','','43S','2019-03-20 10:07:22',1,18,2,NULL,44,0),(50,'Indice','','43S','2019-03-20 10:07:22',1,18,2,NULL,45,0);
INSERT INTO `product_parameters` (`product_id`,`name`,`description`,`value`,`time`,`user_id`,`property`,`vtype`,`text`,`parameter_id`,`tester_id`) VALUES (51,'Indice','','43S','2019-03-20 10:07:22',1,18,2,NULL,46,0),(52,'Indice','','43S','2019-03-20 10:07:22',1,18,2,NULL,47,0),(53,'Indice','','43S','2019-03-20 10:07:22',1,18,2,NULL,48,0),(54,'Indice','','44S','2019-03-20 10:07:22',1,18,2,NULL,49,0),(55,'Indice','','44S','2019-03-20 10:07:22',1,18,2,NULL,50,0),(56,'Indice','','34S','2019-03-20 10:07:22',1,18,2,NULL,51,0),(57,'Indice','','39S','2019-03-20 10:07:22',1,18,2,NULL,52,0),(58,'Indice','','39S','2019-03-20 10:07:22',1,18,2,NULL,53,0),(60,'Indice','','33S','2019-03-20 10:07:22',1,18,2,NULL,54,0),(61,'Indice','','33S','2019-03-20 10:07:22',1,18,2,NULL,55,0),(62,'Indice','','37S','2019-03-20 10:07:22',1,18,2,NULL,56,0),(63,'Indice','','37S','2019-03-20 10:07:23',1,18,2,NULL,57,0),(64,'Indice','','37S','2019-03-20 10:07:23',1,18,2,NULL,58,0),(65,'Indice','','37S','2019-03-20 10:07:23',1,18,2,NULL,59,0),(66,'Indice','','37S','2019-03-20 10:07:23',1,18,2,NULL,60,0);
INSERT INTO `product_parameters` (`product_id`,`name`,`description`,`value`,`time`,`user_id`,`property`,`vtype`,`text`,`parameter_id`,`tester_id`) VALUES (67,'Indice','','37S','2019-03-20 10:07:23',1,18,2,NULL,61,0),(68,'Indice','','37S','2019-03-20 10:07:23',1,18,2,NULL,62,0),(69,'Indice','','37S','2019-03-20 10:07:23',1,18,2,NULL,63,0),(70,'Indice','','37S','2019-03-20 10:07:23',1,18,2,NULL,64,0),(71,'Indice','','37S','2019-03-20 10:07:23',1,18,2,NULL,65,0),(72,'Indice','','37S','2019-03-20 10:07:23',1,18,2,NULL,66,0),(73,'Indice','','37S','2019-03-20 10:07:23',1,18,2,NULL,67,0),(74,'Indice','','37S','2019-03-20 10:07:23',1,18,2,NULL,68,0),(75,'Indice','','37S','2019-03-20 10:07:23',1,18,2,NULL,69,0),(76,'Indice','','34S','2019-03-20 10:07:23',1,18,2,NULL,70,0),(77,'Indice','','39S','2019-03-20 10:07:23',1,18,2,NULL,71,0),(78,'Indice','','39S','2019-03-20 10:07:23',1,18,2,NULL,72,0),(81,'Indice','','40','2019-03-20 10:07:23',1,18,2,NULL,73,0),(82,'Indice','','40','2019-03-20 10:07:23',1,18,2,NULL,74,0),(83,'Indice','','42','2019-03-20 10:07:24',1,18,2,NULL,75,0);
INSERT INTO `product_parameters` (`product_id`,`name`,`description`,`value`,`time`,`user_id`,`property`,`vtype`,`text`,`parameter_id`,`tester_id`) VALUES (84,'Indice','','42','2019-03-20 10:07:24',1,18,2,NULL,76,0),(85,'Indice','','42','2019-03-20 10:07:24',1,18,2,NULL,77,0),(86,'Indice','','42','2019-03-20 10:07:24',1,18,2,NULL,78,0),(87,'Indice','','42','2019-03-20 10:07:24',1,18,2,NULL,79,0),(88,'Indice','','42','2019-03-20 10:07:24',1,18,2,NULL,80,0),(89,'Indice','','42','2019-03-20 10:07:24',1,18,2,NULL,81,0),(90,'Indice','','34','2019-03-20 10:07:24',1,18,2,NULL,82,0),(91,'Indice','','39','2019-03-20 10:07:24',1,18,2,NULL,83,0),(92,'Indice','','39','2019-03-20 10:07:24',1,18,2,NULL,84,0),(94,'Indice','','40','2019-03-20 10:07:24',1,18,2,NULL,85,0),(95,'Indice','','40','2019-03-20 10:07:24',1,18,2,NULL,86,0),(96,'Indice','','42','2019-03-20 10:07:24',1,18,2,NULL,87,0),(97,'Indice','','42','2019-03-20 10:07:25',1,18,2,NULL,88,0),(98,'Indice','','42','2019-03-20 10:07:25',1,18,2,NULL,89,0),(99,'Indice','','42','2019-03-20 10:07:25',1,18,2,NULL,90,0);
INSERT INTO `product_parameters` (`product_id`,`name`,`description`,`value`,`time`,`user_id`,`property`,`vtype`,`text`,`parameter_id`,`tester_id`) VALUES (100,'Indice','','42','2019-03-20 10:07:25',1,18,2,NULL,91,0),(101,'Indice','','42','2019-03-20 10:07:25',1,18,2,NULL,92,0),(102,'Indice','','42','2019-03-20 10:07:25',1,18,2,NULL,93,0),(103,'Indice','','34','2019-03-20 10:07:25',1,18,2,NULL,94,0),(104,'Indice','','39','2019-03-20 10:07:25',1,18,2,NULL,95,0),(105,'Indice','','39','2019-03-20 10:07:25',1,18,2,NULL,96,0),(107,'Indice','','40S','2019-03-20 10:07:25',1,18,2,NULL,97,0),(108,'Indice','','40S','2019-03-20 10:07:25',1,18,2,NULL,98,0),(109,'Indice','','42S','2019-03-20 10:07:26',1,18,2,NULL,99,0),(110,'Indice','','42S','2019-03-20 10:07:26',1,18,2,NULL,100,0),(111,'Indice','','42S','2019-03-20 10:07:26',1,18,2,NULL,101,0),(112,'Indice','','42S','2019-03-20 10:07:26',1,18,2,NULL,102,0),(113,'Indice','','42S','2019-03-20 10:07:26',1,18,2,NULL,103,0),(114,'Indice','','42S','2019-03-20 10:07:26',1,18,2,NULL,104,0),(115,'Indice','','42S','2019-03-20 10:07:26',1,18,2,NULL,105,0);
INSERT INTO `product_parameters` (`product_id`,`name`,`description`,`value`,`time`,`user_id`,`property`,`vtype`,`text`,`parameter_id`,`tester_id`) VALUES (116,'Indice','','34S','2019-03-20 10:07:26',1,18,2,NULL,106,0),(117,'Indice','','39S','2019-03-20 10:07:26',1,18,2,NULL,107,0),(118,'Indice','','39S','2019-03-20 10:07:26',1,18,2,NULL,108,0),(4,'Part description','','FSC TRENDLINE','2019-03-20 10:07:21',1,18,2,NULL,109,0),(5,'Part description','','FSB LH TRENDLINE ','2019-03-20 10:07:21',1,18,2,NULL,110,0),(6,'Part description','','FSB LH LUMBAR TRENDLINE ','2019-03-20 10:07:21',1,18,2,NULL,111,0),(7,'Part description','','FSB LH I-SIZE TRENDLINE ','2019-03-20 10:07:21',1,18,2,NULL,112,0),(8,'Part description','','FSB LH I-SIZE LUMBAR TRENDLINE ','2019-03-20 10:07:21',1,18,2,NULL,113,0),(9,'Part description','','FSB LH ISOFIX TRENDLINE','2019-03-20 10:07:21',1,18,2,NULL,114,0),(10,'Part description','','FSB LH ISOFIX LUMBAR TRENDLINE','2019-03-20 10:07:21',1,18,2,NULL,115,0),(11,'Part description','','FSB RH TRENDLINE','2019-03-20 10:07:21',1,18,2,NULL,116,0),(12,'Part description','','FSB RH I-SIZE LUMBAR TRENDLINE','2019-03-20 10:07:21',1,18,2,NULL,117,0);
INSERT INTO `product_parameters` (`product_id`,`name`,`description`,`value`,`time`,`user_id`,`property`,`vtype`,`text`,`parameter_id`,`tester_id`) VALUES (13,'Part description','','FSB RH ISOFIX TRENDLINE','2019-03-20 10:07:21',1,18,2,NULL,118,0),(14,'Part description','','FSB RH ISOFIX LUMBAR TRENDLINE','2019-03-20 10:07:21',1,18,2,NULL,119,0),(15,'Part description','','FSB RH LUMBAR TRENDLINE','2019-03-20 10:07:21',1,18,2,NULL,120,0),(16,'Part description','','FSB RH I-SIZE TRENDLINE','2019-03-20 10:07:21',1,18,2,NULL,121,0),(17,'Part description','','RSC TRENDLINE','2019-03-20 10:07:21',1,18,2,NULL,122,0),(18,'Part description','','RSB 40 TRENDLINE','2019-03-20 10:07:21',1,18,2,NULL,123,0),(19,'Part description','','RSB 60 TRENDLINE','2019-03-20 10:07:21',1,18,2,NULL,124,0),(21,'Part description','','FSC COMFORT','2019-03-20 10:07:21',1,18,2,NULL,125,0),(22,'Part description','','FSB LH COMFORT','2019-03-20 10:07:21',1,18,2,NULL,126,0),(23,'Part description','','FSB LH ISOFIX COMFORT','2019-03-20 10:07:21',1,18,2,NULL,127,0),(24,'Part description','','FSB LH ISOFIX LUMBAR COMFORT','2019-03-20 10:07:21',1,18,2,NULL,128,0);
INSERT INTO `product_parameters` (`product_id`,`name`,`description`,`value`,`time`,`user_id`,`property`,`vtype`,`text`,`parameter_id`,`tester_id`) VALUES (25,'Part description','','FSB LH LUMBAR COMFORT','2019-03-20 10:07:21',1,18,2,NULL,129,0),(26,'Part description','','FSB LH I-SIZE COMFORT ','2019-03-20 10:07:21',1,18,2,NULL,130,0),(27,'Part description','','FSB LH I-SIZE LUMBAR COMFORT ','2019-03-20 10:07:21',1,18,2,NULL,131,0),(28,'Part description','','FSB RH COMFORT','2019-03-20 10:07:21',1,18,2,NULL,132,0),(29,'Part description','','FSB RH ISOFIX DLF COMFORT','2019-03-20 10:07:22',1,18,2,NULL,133,0),(30,'Part description','','FSB RH I-SIZE DLF LUMBAR COMFORT','2019-03-20 10:07:22',1,18,2,NULL,134,0),(31,'Part description','','FSB RH I-SIZE DLF COMFORT','2019-03-20 10:07:22',1,18,2,NULL,135,0),(32,'Part description','','FSB RH ISOFIX DLF LUMBAR COMFORT','2019-03-20 10:07:22',1,18,2,NULL,136,0),(33,'Part description','','FSB RH LUMBAR COMFORT','2019-03-20 10:07:22',1,18,2,NULL,137,0),(34,'Part description','','FSB RH DLF COMFORT','2019-03-20 10:07:22',1,18,2,NULL,138,0);
INSERT INTO `product_parameters` (`product_id`,`name`,`description`,`value`,`time`,`user_id`,`property`,`vtype`,`text`,`parameter_id`,`tester_id`) VALUES (35,'Part description','','FSB RH DLF LUMBAR COMFORT','2019-03-20 10:07:22',1,18,2,NULL,139,0),(36,'Part description','','RSC COMFORT','2019-03-20 10:07:22',1,18,2,NULL,140,0),(37,'Part description','','RSB 40 COMFORT','2019-03-20 10:07:22',1,18,2,NULL,141,0),(38,'Part description','','RSB 60 COMFORT','2019-03-20 10:07:22',1,18,2,NULL,142,0),(40,'Part description','','FSC HIGHLINE LH','2019-03-20 10:07:22',1,18,2,NULL,143,0),(41,'Part description','','FSC HIGHLINE RH','2019-03-20 10:07:22',1,18,2,NULL,144,0),(42,'Part description','','FSB LH ISOFIX HIGHLINE','2019-03-20 10:07:22',1,18,2,NULL,145,0),(43,'Part description','','FSB LH ISOFIX LUMBAR HIGHLINE','2019-03-20 10:07:22',1,18,2,NULL,146,0),(44,'Part description','','FSB LH HIGHLINE','2019-03-20 10:07:22',1,18,2,NULL,147,0),(45,'Part description','','FSB LH I-SIZE HIGHLINE ','2019-03-20 10:07:22',1,18,2,NULL,148,0),(46,'Part description','','FSB LH LUMBAR HIGHLINE','2019-03-20 10:07:22',1,18,2,NULL,149,0);
INSERT INTO `product_parameters` (`product_id`,`name`,`description`,`value`,`time`,`user_id`,`property`,`vtype`,`text`,`parameter_id`,`tester_id`) VALUES (47,'Part description','','FSB LH I-SIZE LUMBAR HIGHLINE ','2019-03-20 10:07:22',1,18,2,NULL,150,0),(48,'Part description','','FSB RH I-SIZE DLF HIGHLINE','2019-03-20 10:07:22',1,18,2,NULL,151,0),(49,'Part description','','FSB RH I-SIZE DLF LUMBAR HIGHLINE','2019-03-20 10:07:22',1,18,2,NULL,152,0),(50,'Part description','','FSB RH ISOFIX DLF HIGHLINE','2019-03-20 10:07:22',1,18,2,NULL,153,0),(51,'Part description','','FSB RH ISOFIX DLF LUMBAR HIGHLINE','2019-03-20 10:07:22',1,18,2,NULL,154,0),(52,'Part description','','FSB RH DLF HIGHLINE','2019-03-20 10:07:22',1,18,2,NULL,155,0),(53,'Part description','','FSB RH DLF LUMBAR HIGHLINE','2019-03-20 10:07:22',1,18,2,NULL,156,0),(54,'Part description','','FSB RH HIGHLINE','2019-03-20 10:07:22',1,18,2,NULL,157,0),(55,'Part description','','FSB RH LUMBAR HIGHLINE','2019-03-20 10:07:22',1,18,2,NULL,158,0),(56,'Part description','','RSC HIGHLINE','2019-03-20 10:07:22',1,18,2,NULL,159,0);
INSERT INTO `product_parameters` (`product_id`,`name`,`description`,`value`,`time`,`user_id`,`property`,`vtype`,`text`,`parameter_id`,`tester_id`) VALUES (57,'Part description','','RSB 40 HIGHLINE','2019-03-20 10:07:22',1,18,2,NULL,160,0),(58,'Part description','','RSB 60 HIGHLINE','2019-03-20 10:07:22',1,18,2,NULL,161,0),(60,'Part description','','FSC RLINE LH','2019-03-20 10:07:22',1,18,2,NULL,162,0),(61,'Part description','','FSC RLINE RH','2019-03-20 10:07:22',1,18,2,NULL,163,0),(62,'Part description','','FSB LH RLINE','2019-03-20 10:07:22',1,18,2,NULL,164,0),(63,'Part description','','FSB LH LUMBAR RLINE','2019-03-20 10:07:22',1,18,2,NULL,165,0),(64,'Part description','','FSB LH I-SIZE RLINE','2019-03-20 10:07:23',1,18,2,NULL,166,0),(65,'Part description','','FSB LH I-SIZE LUMBAR RLINE','2019-03-20 10:07:23',1,18,2,NULL,167,0),(66,'Part description','','FSB LH ISOFIX RLINE','2019-03-20 10:07:23',1,18,2,NULL,168,0),(67,'Part description','','FSB LH ISOFIX LUMBAR RLINE','2019-03-20 10:07:23',1,18,2,NULL,169,0),(68,'Part description','','FSB RH RLINE','2019-03-20 10:07:23',1,18,2,NULL,170,0);
INSERT INTO `product_parameters` (`product_id`,`name`,`description`,`value`,`time`,`user_id`,`property`,`vtype`,`text`,`parameter_id`,`tester_id`) VALUES (69,'Part description','','FSB RH LUMBAR RLINE','2019-03-20 10:07:23',1,18,2,NULL,171,0),(70,'Part description','','FSB RH DLF RLINE','2019-03-20 10:07:23',1,18,2,NULL,172,0),(71,'Part description','','FSB RH DLF LUMBAR RLINE','2019-03-20 10:07:23',1,18,2,NULL,173,0),(72,'Part description','','FSB RH DLF I-SIZE RLINE','2019-03-20 10:07:23',1,18,2,NULL,174,0),(73,'Part description','','FSB RH DLF I-SIZE LUMBAR RLINE','2019-03-20 10:07:23',1,18,2,NULL,175,0),(74,'Part description','','FSB RH DLF ISOFIX RLINE','2019-03-20 10:07:23',1,18,2,NULL,176,0),(75,'Part description','','FSB RH DLF ISOFIX LUMBAR RLINE','2019-03-20 10:07:23',1,18,2,NULL,177,0),(76,'Part description','','RSC RLINE','2019-03-20 10:07:23',1,18,2,NULL,178,0),(77,'Part description','','RSB 40 RLINE','2019-03-20 10:07:23',1,18,2,NULL,179,0),(78,'Part description','','RSB 60 RLINE','2019-03-20 10:07:23',1,18,2,NULL,180,0),(81,'Part description','','FSC DESIGNLINE türkis LH','2019-03-20 10:07:23',1,18,2,NULL,181,0);
INSERT INTO `product_parameters` (`product_id`,`name`,`description`,`value`,`time`,`user_id`,`property`,`vtype`,`text`,`parameter_id`,`tester_id`) VALUES (82,'Part description','','FSC DESIGNLINE türkis RH','2019-03-20 10:07:23',1,18,2,NULL,182,0),(83,'Part description','','FSB LH ISOFIX LUMBAR DESIGNLINE türkis','2019-03-20 10:07:24',1,18,2,NULL,183,0),(84,'Part description','','FSB LH LUMBAR DESIGNLINE türkis','2019-03-20 10:07:24',1,18,2,NULL,184,0),(85,'Part description','','FSB LH I-SIZE LUMBAR DESIGNLINE türkis','2019-03-20 10:07:24',1,18,2,NULL,185,0),(86,'Part description','','FSB RH I-SIZE DLF LUMBAR DESIGNLINE türkis','2019-03-20 10:07:24',1,18,2,NULL,186,0),(87,'Part description','','FSB RH ISOFIX DLF LUMBAR DESIGNLINE türkis','2019-03-20 10:07:24',1,18,2,NULL,187,0),(88,'Part description','','FSB RH DLF LUMBAR DESIGNLINE türkis','2019-03-20 10:07:24',1,18,2,NULL,188,0),(89,'Part description','','FSB RH LUMBAR DESIGNLINE türkis','2019-03-20 10:07:24',1,18,2,NULL,189,0),(90,'Part description','','RSC DESIGNLINE türkis','2019-03-20 10:07:24',1,18,2,NULL,190,0);
INSERT INTO `product_parameters` (`product_id`,`name`,`description`,`value`,`time`,`user_id`,`property`,`vtype`,`text`,`parameter_id`,`tester_id`) VALUES (91,'Part description','','RSB 40 DESIGNLINE türkis','2019-03-20 10:07:24',1,18,2,NULL,191,0),(92,'Part description','','RSB 60 DESIGNLINE türkis','2019-03-20 10:07:24',1,18,2,NULL,192,0),(94,'Part description','','FSC DESIGNLINE orange LH','2019-03-20 10:07:24',1,18,2,NULL,193,0),(95,'Part description','','FSC DESIGNLINE orange RH','2019-03-20 10:07:24',1,18,2,NULL,194,0),(96,'Part description','','FSB LH ISOFIX LUMBAR DESIGNLINE orange','2019-03-20 10:07:24',1,18,2,NULL,195,0),(97,'Part description','','FSB LH LUMBAR DESIGNLINE orange','2019-03-20 10:07:24',1,18,2,NULL,196,0),(98,'Part description','','FSB LH I-SIZE LUMBAR DESIGNLINE orange','2019-03-20 10:07:25',1,18,2,NULL,197,0),(99,'Part description','','FSB RH I-SIZE DLF LUMBAR DESIGNLINE orange','2019-03-20 10:07:25',1,18,2,NULL,198,0),(100,'Part description','','FSB RH ISOFIX DLF LUMBAR DESIGNLINE orange','2019-03-20 10:07:25',1,18,2,NULL,199,0),(101,'Part description','','FSB RH DLF LUMBAR DESIGNLINE orange','2019-03-20 10:07:25',1,18,2,NULL,200,0);
INSERT INTO `product_parameters` (`product_id`,`name`,`description`,`value`,`time`,`user_id`,`property`,`vtype`,`text`,`parameter_id`,`tester_id`) VALUES (102,'Part description','','FSB RH LUMBAR DESIGNLINE orange','2019-03-20 10:07:25',1,18,2,NULL,201,0),(103,'Part description','','RSC DESIGNLINE orange','2019-03-20 10:07:25',1,18,2,NULL,202,0),(104,'Part description','','RSB 40 DESIGNLINE orange','2019-03-20 10:07:25',1,18,2,NULL,203,0),(105,'Part description','','RSB 60 DESIGNLINE orange','2019-03-20 10:07:25',1,18,2,NULL,204,0),(107,'Part description','','FSC DESIGNLINE grau LH','2019-03-20 10:07:25',1,18,2,NULL,205,0),(108,'Part description','','FSC DESIGNLINE grau RH','2019-03-20 10:07:25',1,18,2,NULL,206,0),(109,'Part description','','FSB LH ISOFIX LUMBAR DESIGNLINE grau','2019-03-20 10:07:25',1,18,2,NULL,207,0),(110,'Part description','','FSB LH LUMBAR DESIGNLINE grau','2019-03-20 10:07:26',1,18,2,NULL,208,0),(111,'Part description','','FSB LH I-SIZE LUMBAR DESIGNLINE grau','2019-03-20 10:07:26',1,18,2,NULL,209,0),(112,'Part description','','FSB RH I-SIZE DLF LUMBAR DESIGNLINE grau','2019-03-20 10:07:26',1,18,2,NULL,210,0);
INSERT INTO `product_parameters` (`product_id`,`name`,`description`,`value`,`time`,`user_id`,`property`,`vtype`,`text`,`parameter_id`,`tester_id`) VALUES (113,'Part description','','FSB RH ISOFIX DLF LUMBAR DESIGNLINE grau','2019-03-20 10:07:26',1,18,2,NULL,211,0),(114,'Part description','','FSB RH DLF LUMBAR DESIGNLINE grau','2019-03-20 10:07:26',1,18,2,NULL,212,0),(115,'Part description','','FSB RH LUMBAR DESIGNLINE grau','2019-03-20 10:07:26',1,18,2,NULL,213,0),(116,'Part description','','RSC DESIGNLINE grau','2019-03-20 10:07:26',1,18,2,NULL,214,0),(117,'Part description','','RSB 40 DESIGNLINE grau','2019-03-20 10:07:26',1,18,2,NULL,215,0),(118,'Part description','','RSB 60 DESIGNLINE grau','2019-03-20 10:07:26',1,18,2,NULL,216,0),(4,'Planificador for label','','MRK100','2019-03-20 10:07:21',1,18,2,NULL,217,0),(5,'Planificador for label','','MRK4I0','2019-03-20 10:07:21',1,18,2,NULL,218,0),(6,'Planificador for label','','MRK4IL','2019-03-20 10:07:21',1,18,2,NULL,219,0),(7,'Planificador for label','','MRKBI0','2019-03-20 10:07:21',1,18,2,NULL,220,0),(8,'Planificador for label','','MRKBIL','2019-03-20 10:07:21',1,18,2,NULL,221,0);
INSERT INTO `product_parameters` (`product_id`,`name`,`description`,`value`,`time`,`user_id`,`property`,`vtype`,`text`,`parameter_id`,`tester_id`) VALUES (9,'Planificador for label','','MRKAI0','2019-03-20 10:07:21',1,18,2,NULL,222,0),(10,'Planificador for label','','MRKAIL','2019-03-20 10:07:21',1,18,2,NULL,223,0),(11,'Planificador for label','','MRK4D0','2019-03-20 10:07:21',1,18,2,NULL,224,0),(12,'Planificador for label','','MRKBDL','2019-03-20 10:07:21',1,18,2,NULL,225,0),(13,'Planificador for label','','MRKAD0','2019-03-20 10:07:21',1,18,2,NULL,226,0),(14,'Planificador for label','','MRKADL','2019-03-20 10:07:21',1,18,2,NULL,227,0),(15,'Planificador for label','','MRK4DL','2019-03-20 10:07:21',1,18,2,NULL,228,0),(16,'Planificador for label','','MRKBD0','2019-03-20 10:07:21',1,18,2,NULL,229,0),(17,'Planificador for label','','MRK300','2019-03-20 10:07:21',1,18,2,NULL,230,0),(18,'Planificador for label','','MRK601','2019-03-20 10:07:21',1,18,2,NULL,231,0),(19,'Planificador for label','','MRK603','2019-03-20 10:07:21',1,18,2,NULL,232,0),(21,'Planificador for label','','JNK100','2019-03-20 10:07:21',1,18,2,NULL,233,0);
INSERT INTO `product_parameters` (`product_id`,`name`,`description`,`value`,`time`,`user_id`,`property`,`vtype`,`text`,`parameter_id`,`tester_id`) VALUES (22,'Planificador for label','','JNK4I0','2019-03-20 10:07:21',1,18,2,NULL,234,0),(23,'Planificador for label','','JNKAI0','2019-03-20 10:07:21',1,18,2,NULL,235,0),(24,'Planificador for label','','JNKAIL','2019-03-20 10:07:21',1,18,2,NULL,236,0),(25,'Planificador for label','','JNK4IL','2019-03-20 10:07:21',1,18,2,NULL,237,0),(26,'Planificador for label','','JNKBI0','2019-03-20 10:07:21',1,18,2,NULL,238,0),(27,'Planificador for label','','JNKBIL','2019-03-20 10:07:21',1,18,2,NULL,239,0),(28,'Planificador for label','','JNK4D0','2019-03-20 10:07:21',1,18,2,NULL,240,0),(29,'Planificador for label','','JNKXD0','2019-03-20 10:07:22',1,18,2,NULL,241,0),(30,'Planificador for label','','JNKYDL','2019-03-20 10:07:22',1,18,2,NULL,242,0),(31,'Planificador for label','','JNKYD0','2019-03-20 10:07:22',1,18,2,NULL,243,0),(32,'Planificador for label','','JNKXDL','2019-03-20 10:07:22',1,18,2,NULL,244,0),(33,'Planificador for label','','JNK4DL','2019-03-20 10:07:22',1,18,2,NULL,245,0);
INSERT INTO `product_parameters` (`product_id`,`name`,`description`,`value`,`time`,`user_id`,`property`,`vtype`,`text`,`parameter_id`,`tester_id`) VALUES (34,'Planificador for label','','JNKZD0','2019-03-20 10:07:22',1,18,2,NULL,246,0),(35,'Planificador for label','','JNKZDL','2019-03-20 10:07:22',1,18,2,NULL,247,0),(36,'Planificador for label','','JNK300','2019-03-20 10:07:22',1,18,2,NULL,248,0),(37,'Planificador for label','','JNK601','2019-03-20 10:07:22',1,18,2,NULL,249,0),(38,'Planificador for label','','JNK603','2019-03-20 10:07:22',1,18,2,NULL,250,0),(40,'Planificador for label','','JQK100','2019-03-20 10:07:22',1,18,2,NULL,251,0),(41,'Planificador for label','','JQK1D0','2019-03-20 10:07:22',1,18,2,NULL,252,0),(42,'Planificador for label','','JQKAI0','2019-03-20 10:07:22',1,18,2,NULL,253,0),(43,'Planificador for label','','JQKAIL','2019-03-20 10:07:22',1,18,2,NULL,254,0),(44,'Planificador for label','','JQK4I0','2019-03-20 10:07:22',1,18,2,NULL,255,0),(45,'Planificador for label','','JQKAI0','2019-03-20 10:07:22',1,2,2,NULL,256,0),(46,'Planificador for label','','JQK4IL','2019-03-20 10:07:22',1,18,2,NULL,257,0);
INSERT INTO `product_parameters` (`product_id`,`name`,`description`,`value`,`time`,`user_id`,`property`,`vtype`,`text`,`parameter_id`,`tester_id`) VALUES (47,'Planificador for label','','JQKBIL','2019-03-20 10:07:22',1,18,2,NULL,258,0),(48,'Planificador for label','','JQKYD0','2019-03-20 10:07:22',1,18,2,NULL,259,0),(49,'Planificador for label','','JQKYDL','2019-03-20 10:07:22',1,18,2,NULL,260,0),(50,'Planificador for label','','JQKXD0','2019-03-20 10:07:22',1,18,2,NULL,261,0),(51,'Planificador for label','','JQKXDL','2019-03-20 10:07:22',1,18,2,NULL,262,0),(52,'Planificador for label','','JQKZD0','2019-03-20 10:07:22',1,18,2,NULL,263,0),(53,'Planificador for label','','JQKZDL','2019-03-20 10:07:22',1,18,2,NULL,264,0),(54,'Planificador for label','','JQK4D0','2019-03-20 10:07:22',1,18,2,NULL,265,0),(55,'Planificador for label','','JQK4DL','2019-03-20 10:07:22',1,18,2,NULL,266,0),(56,'Planificador for label','','JQK300','2019-03-20 10:07:22',1,18,2,NULL,267,0),(57,'Planificador for label','','JQK601','2019-03-20 10:07:22',1,18,2,NULL,268,0),(58,'Planificador for label','','JQK603','2019-03-20 10:07:22',1,18,2,NULL,269,0);
INSERT INTO `product_parameters` (`product_id`,`name`,`description`,`value`,`time`,`user_id`,`property`,`vtype`,`text`,`parameter_id`,`tester_id`) VALUES (60,'Planificador for label','','GWK100','2019-03-20 10:07:22',1,18,2,NULL,270,0),(61,'Planificador for label','','GWK1D0','2019-03-20 10:07:22',1,18,2,NULL,271,0),(62,'Planificador for label','','GWK4I0','2019-03-20 10:07:22',1,18,2,NULL,272,0),(63,'Planificador for label','','GWK4IL','2019-03-20 10:07:22',1,18,2,NULL,273,0),(64,'Planificador for label','','GWKBI0','2019-03-20 10:07:23',1,18,2,NULL,274,0),(65,'Planificador for label','','GWKBIL','2019-03-20 10:07:23',1,18,2,NULL,275,0),(66,'Planificador for label','','GWKAI0','2019-03-20 10:07:23',1,18,2,NULL,276,0),(67,'Planificador for label','','GWKAIL','2019-03-20 10:07:23',1,18,2,NULL,277,0),(68,'Planificador for label','','GWK4D0','2019-03-20 10:07:23',1,18,2,NULL,278,0),(69,'Planificador for label','','GWK4DL','2019-03-20 10:07:23',1,18,2,NULL,279,0),(70,'Planificador for label','','GWKZD0','2019-03-20 10:07:23',1,18,2,NULL,280,0),(71,'Planificador for label','','GWKZDL','2019-03-20 10:07:23',1,18,2,NULL,281,0);
INSERT INTO `product_parameters` (`product_id`,`name`,`description`,`value`,`time`,`user_id`,`property`,`vtype`,`text`,`parameter_id`,`tester_id`) VALUES (72,'Planificador for label','','GWKYD0','2019-03-20 10:07:23',1,18,2,NULL,282,0),(73,'Planificador for label','','GWKYDL','2019-03-20 10:07:23',1,18,2,NULL,283,0),(74,'Planificador for label','','GWKXD0','2019-03-20 10:07:23',1,18,2,NULL,284,0),(75,'Planificador for label','','GWKXDL','2019-03-20 10:07:23',1,18,2,NULL,285,0),(76,'Planificador for label','','GWK300','2019-03-20 10:07:23',1,18,2,NULL,286,0),(77,'Planificador for label','','GWK601','2019-03-20 10:07:23',1,18,2,NULL,287,0),(78,'Planificador for label','','GWK603','2019-03-20 10:07:23',1,18,2,NULL,288,0),(81,'Planificador for label','','JYK100','2019-03-20 10:07:23',1,18,2,NULL,289,0),(82,'Planificador for label','','JYK1D0','2019-03-20 10:07:23',1,18,2,NULL,290,0),(83,'Planificador for label','','JXKAIL','2019-03-20 10:07:24',1,18,2,NULL,291,0),(84,'Planificador for label','','JXK4IL','2019-03-20 10:07:24',1,18,2,NULL,292,0),(85,'Planificador for label','','JXKBIL','2019-03-20 10:07:24',1,18,2,NULL,293,0);
INSERT INTO `product_parameters` (`product_id`,`name`,`description`,`value`,`time`,`user_id`,`property`,`vtype`,`text`,`parameter_id`,`tester_id`) VALUES (86,'Planificador for label','','JXKYDL','2019-03-20 10:07:24',1,18,2,NULL,294,0),(87,'Planificador for label','','JYKXDL','2019-03-20 10:07:24',1,18,2,NULL,295,0),(88,'Planificador for label','','JYKZDL','2019-03-20 10:07:24',1,18,2,NULL,296,0),(89,'Planificador for label','','JYK4DL','2019-03-20 10:07:24',1,18,2,NULL,297,0),(90,'Planificador for label','','JYK300','2019-03-20 10:07:24',1,18,2,NULL,298,0),(91,'Planificador for label','','JYK601','2019-03-20 10:07:24',1,18,2,NULL,299,0),(92,'Planificador for label','','JYK603','2019-03-20 10:07:24',1,18,2,NULL,300,0),(94,'Planificador for label','','KGK100','2019-03-20 10:07:24',1,18,2,NULL,301,0),(95,'Planificador for label','','KGK1D0','2019-03-20 10:07:24',1,18,2,NULL,302,0),(96,'Planificador for label','','KGKAIL','2019-03-20 10:07:24',1,18,2,NULL,303,0),(97,'Planificador for label','','KGK4IL','2019-03-20 10:07:24',1,18,2,NULL,304,0),(98,'Planificador for label','','TGKBIL','2019-03-20 10:07:25',1,18,2,NULL,305,0);
INSERT INTO `product_parameters` (`product_id`,`name`,`description`,`value`,`time`,`user_id`,`property`,`vtype`,`text`,`parameter_id`,`tester_id`) VALUES (99,'Planificador for label','','KGKYDL','2019-03-20 10:07:25',1,18,2,NULL,306,0),(100,'Planificador for label','','KGKXDL','2019-03-20 10:07:25',1,18,2,NULL,307,0),(101,'Planificador for label','','KGKZDL','2019-03-20 10:07:25',1,18,2,NULL,308,0),(102,'Planificador for label','','KGK4DL','2019-03-20 10:07:25',1,18,2,NULL,309,0),(103,'Planificador for label','','KGK300','2019-03-20 10:07:25',1,18,2,NULL,310,0),(104,'Planificador for label','','KGK601','2019-03-20 10:07:25',1,18,2,NULL,311,0),(105,'Planificador for label','','KGK603','2019-03-20 10:07:25',1,18,2,NULL,312,0),(107,'Planificador for label','','KYK100','2019-03-20 10:07:25',1,18,2,NULL,313,0),(108,'Planificador for label','','KYK1D0','2019-03-20 10:07:25',1,18,2,NULL,314,0),(109,'Planificador for label','','KYKAIL','2019-03-20 10:07:26',1,18,2,NULL,315,0),(110,'Planificador for label','','KYK4IL','2019-03-20 10:07:26',1,18,2,NULL,316,0),(111,'Planificador for label','','KYKBIL','2019-03-20 10:07:26',1,18,2,NULL,317,0);
INSERT INTO `product_parameters` (`product_id`,`name`,`description`,`value`,`time`,`user_id`,`property`,`vtype`,`text`,`parameter_id`,`tester_id`) VALUES (112,'Planificador for label','','KYKYDL','2019-03-20 10:07:26',1,18,2,NULL,318,0),(113,'Planificador for label','','KXKXDL','2019-03-20 10:07:26',1,18,2,NULL,319,0),(114,'Planificador for label','','KYKZDL','2019-03-20 10:07:26',1,18,2,NULL,320,0),(115,'Planificador for label','','KYK4DL','2019-03-20 10:07:26',1,18,2,NULL,321,0),(116,'Planificador for label','','KYK300','2019-03-20 10:07:26',1,18,2,NULL,322,0),(117,'Planificador for label','','KYK601','2019-03-20 10:07:26',1,18,2,NULL,323,0),(118,'Planificador for label','','KYK603','2019-03-20 10:07:26',1,18,2,NULL,324,0),(4,'Short description for label','','F.C.A.QMR','2019-03-20 10:07:21',1,18,2,NULL,325,0),(5,'Short description for label','','F.R.A.I.A.QMR','2019-03-20 10:07:21',1,18,2,NULL,326,0),(6,'Short description for label','','F.R.A.I.A.L.QMR','2019-03-20 10:07:21',1,18,2,NULL,327,0),(7,'Short description for label','','F.R.A.I.A.S.QMR','2019-03-20 10:07:21',1,18,2,NULL,328,0);
INSERT INTO `product_parameters` (`product_id`,`name`,`description`,`value`,`time`,`user_id`,`property`,`vtype`,`text`,`parameter_id`,`tester_id`) VALUES (8,'Short description for label','','F.R.A.I.A.S.L.QMR','2019-03-20 10:07:21',1,18,2,NULL,329,0),(9,'Short description for label','','F.R.A.I.A.I.QMR','2019-03-20 10:07:21',1,18,2,NULL,330,0),(10,'Short description for label','','F.R.A.I.A.I.L.QMR','2019-03-20 10:07:21',1,18,2,NULL,331,0),(11,'Short description for label','','F.R.A.D.A.QMR','2019-03-20 10:07:21',1,18,2,NULL,332,0),(12,'Short description for label','','F.R.A.D.A.S.L.QMR','2019-03-20 10:07:21',1,18,2,NULL,333,0),(13,'Short description for label','','F.R.A.D.A.I.QMR','2019-03-20 10:07:21',1,18,2,NULL,334,0),(14,'Short description for label','','F.R.A.D.A.I.L.QMR','2019-03-20 10:07:21',1,18,2,NULL,335,0),(15,'Short description for label','','F.R.A.D.A.L.QMR','2019-03-20 10:07:21',1,18,2,NULL,336,0),(16,'Short description for label','','F.R.A.D.A.S.QMR','2019-03-20 10:07:21',1,18,2,NULL,337,0),(17,'Short description for label','','F.C.P.QMR','2019-03-20 10:07:21',1,18,2,NULL,338,0);
INSERT INTO `product_parameters` (`product_id`,`name`,`description`,`value`,`time`,`user_id`,`property`,`vtype`,`text`,`parameter_id`,`tester_id`) VALUES (18,'Short description for label','','F.R.P.I.QMR','2019-03-20 10:07:21',1,18,2,NULL,339,0),(19,'Short description for label','','F.R.P.D.QMR','2019-03-20 10:07:21',1,18,2,NULL,340,0),(21,'Short description for label','','F.C.A.TJN','2019-03-20 10:07:21',1,18,2,NULL,341,0),(22,'Short description for label','','F.R.A.I.A.TJN','2019-03-20 10:07:21',1,18,2,NULL,342,0),(23,'Short description for label','','F.R.A.I.A.I.TJN','2019-03-20 10:07:21',1,18,2,NULL,343,0),(24,'Short description for label','','F.R.A.I.A.S.L.TJN','2019-03-20 10:07:21',1,18,2,NULL,344,0),(25,'Short description for label','','F.R.A.I..A.L.TJN','2019-03-20 10:07:21',1,18,2,NULL,345,0),(26,'Short description for label','','F.R.A.I.A.S.TJN','2019-03-20 10:07:21',1,18,2,NULL,346,0),(27,'Short description for label','','F.R.A.I.A.S.L.TJN','2019-03-20 10:07:21',1,18,2,NULL,347,0),(28,'Short description for label','','F.R.A.D.A.TJN','2019-03-20 10:07:21',1,18,2,NULL,348,0);
INSERT INTO `product_parameters` (`product_id`,`name`,`description`,`value`,`time`,`user_id`,`property`,`vtype`,`text`,`parameter_id`,`tester_id`) VALUES (29,'Short description for label','','F.R.A.D.A.I.D.TJN','2019-03-20 10:07:22',1,18,2,NULL,349,0),(30,'Short description for label','','F.R.A.D.A.S.D.L.','2019-03-20 10:07:22',1,18,2,NULL,350,0),(31,'Short description for label','','F.R.A.D.A.S.D.TJN','2019-03-20 10:07:22',1,18,2,NULL,351,0),(32,'Short description for label','','F.R.A.D.A.I.D.L.','2019-03-20 10:07:22',1,18,2,NULL,352,0),(33,'Short description for label','','F.R.A.D.A.L.TJN','2019-03-20 10:07:22',1,18,2,NULL,353,0),(34,'Short description for label','','F.R.A.A.D.TJN','2019-03-20 10:07:22',1,18,2,NULL,354,0),(35,'Short description for label','','F.R.A.D.A.D.L.TJN','2019-03-20 10:07:22',1,18,2,NULL,355,0),(36,'Short description for label','','F.C.P.TJN','2019-03-20 10:07:22',1,18,2,NULL,356,0),(37,'Short description for label','','F.R.P.I.TJN','2019-03-20 10:07:22',1,18,2,NULL,357,0),(38,'Short description for label','','F.R.P.D.TJN','2019-03-20 10:07:22',1,18,2,NULL,358,0);
INSERT INTO `product_parameters` (`product_id`,`name`,`description`,`value`,`time`,`user_id`,`property`,`vtype`,`text`,`parameter_id`,`tester_id`) VALUES (40,'Short description for label','','F.C.A.I.TJQ','2019-03-20 10:07:22',1,18,2,NULL,359,0),(41,'Short description for label','','F.C.A.D.TJQ','2019-03-20 10:07:22',1,18,2,NULL,360,0),(42,'Short description for label','','F.R.A.I.A.I.TJQ','2019-03-20 10:07:22',1,18,2,NULL,361,0),(43,'Short description for label','','F.R.A.I.A.I.L.TJQ','2019-03-20 10:07:22',1,18,2,NULL,362,0),(44,'Short description for label','','F.R.A.I.A.TJQ','2019-03-20 10:07:22',1,18,2,NULL,363,0),(45,'Short description for label','','F.R.A.I.A.I.TJQ','2019-03-20 10:07:22',1,2,2,NULL,364,0),(46,'Short description for label','','F.R.A.I.A.L.TJQ','2019-03-20 10:07:22',1,18,2,NULL,365,0),(47,'Short description for label','','F.R.A.I.A.S.L.TJQ','2019-03-20 10:07:22',1,18,2,NULL,366,0),(48,'Short description for label','','F.R.A.D.A.S.D.','2019-03-20 10:07:22',1,18,2,NULL,367,0),(49,'Short description for label','','F.R.A.D.A.S.D.L.','2019-03-20 10:07:22',1,18,2,NULL,368,0);
INSERT INTO `product_parameters` (`product_id`,`name`,`description`,`value`,`time`,`user_id`,`property`,`vtype`,`text`,`parameter_id`,`tester_id`) VALUES (50,'Short description for label','','F.R.A.D.A.I.D.TJQ','2019-03-20 10:07:22',1,18,2,NULL,369,0),(51,'Short description for label','','F.R.A.D.A.I.D.L.','2019-03-20 10:07:22',1,18,2,NULL,370,0),(52,'Short description for label','','F.R.A.D.A.D. TJQ','2019-03-20 10:07:22',1,18,2,NULL,371,0),(53,'Short description for label','','F.R.A.D.A.D.L.TJQ','2019-03-20 10:07:22',1,18,2,NULL,372,0),(54,'Short description for label','','F.R.A.D.A.TJQ','2019-03-20 10:07:22',1,18,2,NULL,373,0),(55,'Short description for label','','F.R.A.D.A.L.TJQ','2019-03-20 10:07:22',1,18,2,NULL,374,0),(56,'Short description for label','','F.C.P.TJQ','2019-03-20 10:07:22',1,18,2,NULL,375,0),(57,'Short description for label','','F.R.P.I.TJQ','2019-03-20 10:07:22',1,18,2,NULL,376,0),(58,'Short description for label','','F.R.P.D.TJQ','2019-03-20 10:07:22',1,18,2,NULL,377,0),(60,'Short description for label','','F.C.A.I.RGW','2019-03-20 10:07:22',1,18,2,NULL,378,0);
INSERT INTO `product_parameters` (`product_id`,`name`,`description`,`value`,`time`,`user_id`,`property`,`vtype`,`text`,`parameter_id`,`tester_id`) VALUES (61,'Short description for label','','F.C.A.D.RGW','2019-03-20 10:07:22',1,18,2,NULL,379,0),(62,'Short description for label','','F.R.A.I.A.RGW','2019-03-20 10:07:22',1,18,2,NULL,380,0),(63,'Short description for label','','F.R.A.I.A.L.RGW','2019-03-20 10:07:23',1,18,2,NULL,381,0),(64,'Short description for label','','F.R.A.I.A.S.RGW','2019-03-20 10:07:23',1,18,2,NULL,382,0),(65,'Short description for label','','F.R.A.I.A.S.L.RGW','2019-03-20 10:07:23',1,18,2,NULL,383,0),(66,'Short description for label','','F.R.A.I.A.I.RGW','2019-03-20 10:07:23',1,18,2,NULL,384,0),(67,'Short description for label','','F.R.A.I.A.I.L.RGW','2019-03-20 10:07:23',1,18,2,NULL,385,0),(68,'Short description for label','','F.R.A.D.A.RGW','2019-03-20 10:07:23',1,18,2,NULL,386,0),(69,'Short description for label','','F.R.A.D.A.L.RGW','2019-03-20 10:07:23',1,18,2,NULL,387,0),(70,'Short description for label','','F.R.A.D.A.D.RGW','2019-03-20 10:07:23',1,18,2,NULL,388,0);
INSERT INTO `product_parameters` (`product_id`,`name`,`description`,`value`,`time`,`user_id`,`property`,`vtype`,`text`,`parameter_id`,`tester_id`) VALUES (71,'Short description for label','','F.R.A.D.A.D.L.RGW','2019-03-20 10:07:23',1,18,2,NULL,389,0),(72,'Short description for label','','F.R.A.D.A.S.D.RGW','2019-03-20 10:07:23',1,18,2,NULL,390,0),(73,'Short description for label','','F.R.A.D.A.S.D.L.','2019-03-20 10:07:23',1,18,2,NULL,391,0),(74,'Short description for label','','F.R.A.D.A.I.D.RGW','2019-03-20 10:07:23',1,18,2,NULL,392,0),(75,'Short description for label','','F.R.A.D.A.I.D.L.','2019-03-20 10:07:23',1,18,2,NULL,393,0),(76,'Short description for label','','F.C.P.RGW','2019-03-20 10:07:23',1,18,2,NULL,394,0),(77,'Short description for label','','F.R.P.I.RGW','2019-03-20 10:07:23',1,18,2,NULL,395,0),(78,'Short description for label','','F.R.P.D.RGW','2019-03-20 10:07:23',1,18,2,NULL,396,0),(81,'Short description for label','','F.C.A.TJY','2019-03-20 10:07:23',1,18,2,NULL,397,0),(82,'Short description for label','','F.C.A.AD.TJY','2019-03-20 10:07:23',1,18,2,NULL,398,0);
INSERT INTO `product_parameters` (`product_id`,`name`,`description`,`value`,`time`,`user_id`,`property`,`vtype`,`text`,`parameter_id`,`tester_id`) VALUES (83,'Short description for label','','F.R.A.I.A.I.L.TJX','2019-03-20 10:07:24',1,18,2,NULL,399,0),(84,'Short description for label','','F.R.A.I.A.L.TJX','2019-03-20 10:07:24',1,18,2,NULL,400,0),(85,'Short description for label','','F.R.A.I.A.S.L.TJX','2019-03-20 10:07:24',1,18,2,NULL,401,0),(86,'Short description for label','','F.R.A.D.A.S.D.L.','2019-03-20 10:07:24',1,18,2,NULL,402,0),(87,'Short description for label','','F.R.A.D.A.I.D.L.','2019-03-20 10:07:24',1,18,2,NULL,403,0),(88,'Short description for label','','F.R.A.D.A.D.L.TJY','2019-03-20 10:07:24',1,18,2,NULL,404,0),(89,'Short description for label','','F.R.A.D.A.L.TJY','2019-03-20 10:07:24',1,18,2,NULL,405,0),(90,'Short description for label','','F.C.P.TJY','2019-03-20 10:07:24',1,18,2,NULL,406,0),(91,'Short description for label','','F.R.P.D.TJY','2019-03-20 10:07:24',1,18,2,NULL,407,0),(92,'Short description for label','','F.R.P.D.TJY','2019-03-20 10:07:24',1,18,2,NULL,408,0);
INSERT INTO `product_parameters` (`product_id`,`name`,`description`,`value`,`time`,`user_id`,`property`,`vtype`,`text`,`parameter_id`,`tester_id`) VALUES (94,'Short description for label','','F.C.A.TKG','2019-03-20 10:07:24',1,18,2,NULL,409,0),(95,'Short description for label','','F.C.A.D.TKG','2019-03-20 10:07:24',1,18,2,NULL,410,0),(96,'Short description for label','','F.R.A.I.A.I.L.TKG','2019-03-20 10:07:24',1,18,2,NULL,411,0),(97,'Short description for label','','F.R.A.I.A.L.TKG','2019-03-20 10:07:25',1,18,2,NULL,412,0),(98,'Short description for label','','F.R.A.I.A.S.L.TKG','2019-03-20 10:07:25',1,18,2,NULL,413,0),(99,'Short description for label','','F.R.A.D.A.S.D.L.','2019-03-20 10:07:25',1,18,2,NULL,414,0),(100,'Short description for label','','F.R.A.D.A.I.D.L.','2019-03-20 10:07:25',1,18,2,NULL,415,0),(101,'Short description for label','','F.R.A.D.A.D.L.TKG','2019-03-20 10:07:25',1,18,2,NULL,416,0),(102,'Short description for label','','F.R.A.D.A.L.TKG','2019-03-20 10:07:25',1,18,2,NULL,417,0),(103,'Short description for label','','F.C.P.TKG','2019-03-20 10:07:25',1,18,2,NULL,418,0);
INSERT INTO `product_parameters` (`product_id`,`name`,`description`,`value`,`time`,`user_id`,`property`,`vtype`,`text`,`parameter_id`,`tester_id`) VALUES (104,'Short description for label','','F.R.P.I.TKG','2019-03-20 10:07:25',1,18,2,NULL,419,0),(105,'Short description for label','','F.R.P.D.TKG','2019-03-20 10:07:25',1,18,2,NULL,420,0),(107,'Short description for label','','F.C.A.TKY','2019-03-20 10:07:25',1,18,2,NULL,421,0),(108,'Short description for label','','F.C.A.D.TKY','2019-03-20 10:07:25',1,18,2,NULL,422,0),(109,'Short description for label','','F.R.A.I.A.L.TKY','2019-03-20 10:07:26',1,18,2,NULL,423,0),(110,'Short description for label','','F.R.A.I.A.L.TKY','2019-03-20 10:07:26',1,18,2,NULL,424,0),(111,'Short description for label','','F.R.A.I.A.S.L.TKY','2019-03-20 10:07:26',1,18,2,NULL,425,0),(112,'Short description for label','','F.R.A.D.A.S.D.L.','2019-03-20 10:07:26',1,18,2,NULL,426,0),(113,'Short description for label','','F.R.A.D.A.I.D.L.','2019-03-20 10:07:26',1,18,2,NULL,427,0),(114,'Short description for label','','F.R.A.D.A.D.L.TKY','2019-03-20 10:07:26',1,18,2,NULL,428,0);
INSERT INTO `product_parameters` (`product_id`,`name`,`description`,`value`,`time`,`user_id`,`property`,`vtype`,`text`,`parameter_id`,`tester_id`) VALUES (115,'Short description for label','','F.R.A.D.A.L.TKY','2019-03-20 10:07:26',1,18,2,NULL,429,0),(116,'Short description for label','','F.C.P.TKY','2019-03-20 10:07:26',1,18,2,NULL,430,0),(117,'Short description for label','','F.R.P.I.TKY','2019-03-20 10:07:26',1,18,2,NULL,431,0),(118,'Short description for label','','F.R.P.D.TKY','2019-03-20 10:07:26',1,18,2,NULL,432,0),(4,'TC-Reference','','GM881405  QMR','2019-03-20 10:07:21',1,18,2,NULL,433,0),(5,'TC-Reference','','GM881805  QMR','2019-03-20 10:07:21',1,18,2,NULL,434,0),(6,'TC-Reference','','GM881805D QMR','2019-03-20 10:07:21',1,18,2,NULL,435,0),(7,'TC-Reference','','GM881805K QMR','2019-03-20 10:07:21',1,18,2,NULL,436,0),(8,'TC-Reference','','GM881805L QMR','2019-03-20 10:07:21',1,18,2,NULL,437,0),(9,'TC-Reference','','GM881805S QMR','2019-03-20 10:07:21',1,18,2,NULL,438,0),(10,'TC-Reference','','GM881805T QMR','2019-03-20 10:07:21',1,18,2,NULL,439,0),(11,'TC-Reference','','GM881806  QMR','2019-03-20 10:07:21',1,18,2,NULL,440,0);
INSERT INTO `product_parameters` (`product_id`,`name`,`description`,`value`,`time`,`user_id`,`property`,`vtype`,`text`,`parameter_id`,`tester_id`) VALUES (12,'TC-Reference','','GM881806AAQMR','2019-03-20 10:07:21',1,18,2,NULL,441,0),(13,'TC-Reference','','GM881806AGQMR','2019-03-20 10:07:21',1,18,2,NULL,442,0),(14,'TC-Reference','','GM881806AHQMR','2019-03-20 10:07:21',1,18,2,NULL,443,0),(15,'TC-Reference','','GM881806D QMR','2019-03-20 10:07:21',1,18,2,NULL,444,0),(16,'TC-Reference','','GM881806T QMR','2019-03-20 10:07:21',1,18,2,NULL,445,0),(17,'TC-Reference','','GM885405  SCU','2019-03-20 10:07:21',1,18,2,NULL,446,0),(18,'TC-Reference','','GM885805  QQH','2019-03-20 10:07:21',1,18,2,NULL,447,0),(19,'TC-Reference','','GM885806  QQH','2019-03-20 10:07:21',1,18,2,NULL,448,0),(21,'TC-Reference','','GM881405A TJN','2019-03-20 10:07:21',1,18,2,NULL,449,0),(22,'TC-Reference','','GM881805A TJN','2019-03-20 10:07:21',1,18,2,NULL,450,0),(23,'TC-Reference','','GM881805AATJN','2019-03-20 10:07:21',1,18,2,NULL,451,0),(24,'TC-Reference','','GM881805ABTJN','2019-03-20 10:07:21',1,18,2,NULL,452,0);
INSERT INTO `product_parameters` (`product_id`,`name`,`description`,`value`,`time`,`user_id`,`property`,`vtype`,`text`,`parameter_id`,`tester_id`) VALUES (25,'TC-Reference','','GM881805E TJN','2019-03-20 10:07:21',1,18,2,NULL,453,0),(26,'TC-Reference','','GM881805M TJN','2019-03-20 10:07:21',1,18,2,NULL,454,0),(27,'TC-Reference','','GM881805N TJN','2019-03-20 10:07:21',1,18,2,NULL,455,0),(28,'TC-Reference','','GM881806A TJN','2019-03-20 10:07:21',1,18,2,NULL,456,0),(29,'TC-Reference','','GM881806ABTJN','2019-03-20 10:07:22',1,18,2,NULL,457,0),(30,'TC-Reference','','GM881806ACTJN','2019-03-20 10:07:22',1,18,2,NULL,458,0),(31,'TC-Reference','','GM881806AJTJN','2019-03-20 10:07:22',1,18,2,NULL,459,0),(32,'TC-Reference','','GM881806AKTJN','2019-03-20 10:07:22',1,18,2,NULL,460,0),(33,'TC-Reference','','GM881806E TJN','2019-03-20 10:07:22',1,18,2,NULL,461,0),(34,'TC-Reference','','GM881806F TJN','2019-03-20 10:07:22',1,18,2,NULL,462,0),(35,'TC-Reference','','GM881806G TJN','2019-03-20 10:07:22',1,18,2,NULL,463,0),(36,'TC-Reference','','GM885405A TJS','2019-03-20 10:07:22',1,18,2,NULL,464,0);
INSERT INTO `product_parameters` (`product_id`,`name`,`description`,`value`,`time`,`user_id`,`property`,`vtype`,`text`,`parameter_id`,`tester_id`) VALUES (37,'TC-Reference','','GM885805A TJP','2019-03-20 10:07:22',1,18,2,NULL,465,0),(38,'TC-Reference','','GM885806A TJP','2019-03-20 10:07:22',1,18,2,NULL,466,0),(40,'TC-Reference','','GM881405B TJQ','2019-03-20 10:07:22',1,18,2,NULL,467,0),(41,'TC-Reference','','GM881406B TJQ','2019-03-20 10:07:22',1,18,2,NULL,468,0),(42,'TC-Reference','','GM881805ACTJQ','2019-03-20 10:07:22',1,18,2,NULL,469,0),(43,'TC-Reference','','GM881805ADTJQ','2019-03-20 10:07:22',1,18,2,NULL,470,0),(44,'TC-Reference','','GM881805B TJQ','2019-03-20 10:07:22',1,18,2,NULL,471,0),(45,'TC-Reference','','GM881805P TJQ','2019-03-20 10:07:22',1,18,2,NULL,472,0),(46,'TC-Reference','','GM881805F TJQ','2019-03-20 10:07:22',1,18,2,NULL,473,0),(47,'TC-Reference','','GM881805Q TJQ','2019-03-20 10:07:22',1,18,2,NULL,474,0),(48,'TC-Reference','','GM881806ADTJQ','2019-03-20 10:07:22',1,18,2,NULL,475,0),(49,'TC-Reference','','GM881806AETJQ','2019-03-20 10:07:22',1,18,2,NULL,476,0);
INSERT INTO `product_parameters` (`product_id`,`name`,`description`,`value`,`time`,`user_id`,`property`,`vtype`,`text`,`parameter_id`,`tester_id`) VALUES (50,'TC-Reference','','GM881806ALTJQ','2019-03-20 10:07:22',1,18,2,NULL,477,0),(51,'TC-Reference','','GM881806AMTJQ','2019-03-20 10:07:22',1,18,2,NULL,478,0),(52,'TC-Reference','','GM881806B TJQ','2019-03-20 10:07:22',1,18,2,NULL,479,0),(53,'TC-Reference','','GM881806H TJQ','2019-03-20 10:07:22',1,18,2,NULL,480,0),(54,'TC-Reference','','GM881806K TJQ','2019-03-20 10:07:22',1,18,2,NULL,481,0),(55,'TC-Reference','','GM881806L TJQ','2019-03-20 10:07:22',1,18,2,NULL,482,0),(56,'TC-Reference','','GM885405B TJW','2019-03-20 10:07:22',1,18,2,NULL,483,0),(57,'TC-Reference','','GM885805B TJV','2019-03-20 10:07:22',1,18,2,NULL,484,0),(58,'TC-Reference','','GM885806B TJV','2019-03-20 10:07:22',1,18,2,NULL,485,0),(60,'TC-Reference','','GM881405D RGW','2019-03-20 10:07:22',1,18,2,NULL,486,0),(61,'TC-Reference','','GM881406D RGW','2019-03-20 10:07:22',1,18,2,NULL,487,0),(62,'TC-Reference','','GM881805H RGV','2019-03-20 10:07:22',1,18,2,NULL,488,0);
INSERT INTO `product_parameters` (`product_id`,`name`,`description`,`value`,`time`,`user_id`,`property`,`vtype`,`text`,`parameter_id`,`tester_id`) VALUES (63,'TC-Reference','','GM881805J RGV','2019-03-20 10:07:22',1,18,2,NULL,489,0),(64,'TC-Reference','','GM881805AFRGV','2019-03-20 10:07:23',1,18,2,NULL,490,0),(65,'TC-Reference','','GM881805AGRGV','2019-03-20 10:07:23',1,18,2,NULL,491,0),(66,'TC-Reference','','GM881805AHRGV','2019-03-20 10:07:23',1,18,2,NULL,492,0),(67,'TC-Reference','','GM881805AKRGV','2019-03-20 10:07:23',1,18,2,NULL,493,0),(68,'TC-Reference','','GM881806P RGV','2019-03-20 10:07:23',1,18,2,NULL,494,0),(69,'TC-Reference','','GM881806Q RGV','2019-03-20 10:07:23',1,18,2,NULL,495,0),(70,'TC-Reference','','GM881806R RGV','2019-03-20 10:07:23',1,18,2,NULL,496,0),(71,'TC-Reference','','GM881806S RGV','2019-03-20 10:07:23',1,18,2,NULL,497,0),(72,'TC-Reference','','GM881806APRGV','2019-03-20 10:07:23',1,18,2,NULL,498,0),(73,'TC-Reference','','GM881806AQRGV','2019-03-20 10:07:23',1,18,2,NULL,499,0),(74,'TC-Reference','','GM881806ARRGV','2019-03-20 10:07:23',1,18,2,NULL,500,0);
INSERT INTO `product_parameters` (`product_id`,`name`,`description`,`value`,`time`,`user_id`,`property`,`vtype`,`text`,`parameter_id`,`tester_id`) VALUES (75,'TC-Reference','','GM881806ASRGV','2019-03-20 10:07:23',1,18,2,NULL,501,0),(76,'TC-Reference','','GM885405D RGU','2019-03-20 10:07:23',1,18,2,NULL,502,0),(77,'TC-Reference','','GM885805D RGT','2019-03-20 10:07:23',1,18,2,NULL,503,0),(78,'TC-Reference','','GM885806D RGT','2019-03-20 10:07:23',1,18,2,NULL,504,0),(81,'TC-Reference','','GM881405C TJY','2019-03-20 10:07:23',1,18,2,NULL,505,0),(82,'TC-Reference','','GM881406C TJY','2019-03-20 10:07:23',1,18,2,NULL,506,0),(83,'TC-Reference','','GM881805AETJX','2019-03-20 10:07:23',1,18,2,NULL,507,0),(84,'TC-Reference','','GM881805G TJX','2019-03-20 10:07:24',1,18,2,NULL,508,0),(85,'TC-Reference','','GM881805R TJX','2019-03-20 10:07:24',1,18,2,NULL,509,0),(86,'TC-Reference','','GM881806AFTJX','2019-03-20 10:07:24',1,18,2,NULL,510,0),(87,'TC-Reference','','GM881806ANTJX','2019-03-20 10:07:24',1,18,2,NULL,511,0),(88,'TC-Reference','','GM881806J TJX','2019-03-20 10:07:24',1,18,2,NULL,512,0);
INSERT INTO `product_parameters` (`product_id`,`name`,`description`,`value`,`time`,`user_id`,`property`,`vtype`,`text`,`parameter_id`,`tester_id`) VALUES (89,'TC-Reference','','GM881806N TJX','2019-03-20 10:07:24',1,18,2,NULL,513,0),(90,'TC-Reference','','GM885405C TKC','2019-03-20 10:07:24',1,18,2,NULL,514,0),(91,'TC-Reference','','GM885805C TKB','2019-03-20 10:07:24',1,18,2,NULL,515,0),(92,'TC-Reference','','GM885806C TKB','2019-03-20 10:07:24',1,18,2,NULL,516,0),(94,'TC-Reference','','GM881405C TKG','2019-03-20 10:07:24',1,18,2,NULL,517,0),(95,'TC-Reference','','GM881406C TKG','2019-03-20 10:07:24',1,18,2,NULL,518,0),(96,'TC-Reference','','GM881805AETKD','2019-03-20 10:07:24',1,18,2,NULL,519,0),(97,'TC-Reference','','GM881805G TKD','2019-03-20 10:07:24',1,18,2,NULL,520,0),(98,'TC-Reference','','GM881805R TKD','2019-03-20 10:07:25',1,18,2,NULL,521,0),(99,'TC-Reference','','GM881806AFTKD','2019-03-20 10:07:25',1,18,2,NULL,522,0),(100,'TC-Reference','','GM881806ANTKD','2019-03-20 10:07:25',1,18,2,NULL,523,0),(101,'TC-Reference','','GM881806J TKD','2019-03-20 10:07:25',1,18,2,NULL,524,0);
INSERT INTO `product_parameters` (`product_id`,`name`,`description`,`value`,`time`,`user_id`,`property`,`vtype`,`text`,`parameter_id`,`tester_id`) VALUES (102,'TC-Reference','','GM881806N TKD','2019-03-20 10:07:25',1,18,2,NULL,525,0),(103,'TC-Reference','','GM885405C TKJ','2019-03-20 10:07:25',1,18,2,NULL,526,0),(104,'TC-Reference','','GM885805C TKH','2019-03-20 10:07:25',1,18,2,NULL,527,0),(105,'TC-Reference','','GM885806C TKH','2019-03-20 10:07:25',1,18,2,NULL,528,0),(107,'TC-Reference','','GM881405C TKY','2019-03-20 10:07:25',1,18,2,NULL,529,0),(108,'TC-Reference','','GM881406C TKY','2019-03-20 10:07:25',1,18,2,NULL,530,0),(109,'TC-Reference','','GM881805AETKX','2019-03-20 10:07:25',1,18,2,NULL,531,0),(110,'TC-Reference','','GM881805G TKX','2019-03-20 10:07:26',1,18,2,NULL,532,0),(111,'TC-Reference','','GM881805R TKX','2019-03-20 10:07:26',1,18,2,NULL,533,0),(112,'TC-Reference','','GM881806AFTKX','2019-03-20 10:07:26',1,18,2,NULL,534,0),(113,'TC-Reference','','GM881806ANTKX','2019-03-20 10:07:26',1,18,2,NULL,535,0),(114,'TC-Reference','','GM881806J TKX','2019-03-20 10:07:26',1,18,2,NULL,536,0);
INSERT INTO `product_parameters` (`product_id`,`name`,`description`,`value`,`time`,`user_id`,`property`,`vtype`,`text`,`parameter_id`,`tester_id`) VALUES (115,'TC-Reference','','GM881806N TKX','2019-03-20 10:07:26',1,18,2,NULL,537,0),(116,'TC-Reference','','GM885405C TLB','2019-03-20 10:07:26',1,18,2,NULL,538,0),(117,'TC-Reference','','GM885805C TLA','2019-03-20 10:07:26',1,18,2,NULL,539,0),(118,'TC-Reference','','GM885806C TLA','2019-03-20 10:07:26',1,18,2,NULL,540,0),(45,'Planificador for label','','JQKBI0','2019-03-24 16:06:41',1,20,2,NULL,544,0),(45,'Short description for label','','F.R.A.I.A.S.TJQ','2019-03-26 11:48:54',1,20,2,NULL,547,0),(2,'Label:OF','','','2019-03-26 12:40:59',1,2,3,'CT~~CD,~CC^~CT~\n^XA~TA000~JSN^LT0^MNN^MTT^PON^PMN^LH0,0^JMA^PR5,5~SD20^JUS^LRN^CI0^XZ\n^XA\n^MMC\n^PW591\n^LL0827\n^LS0\n^FO125,425^A0B,42,40^FH^FDVW 216 CAV CONFORTLINE^FS\n^FO175,435^A0B,42,40^FH^FD2@[TC-Reference]^FS\n^FO475,465^A0B,42,40^FH^FDOF:@1234567^FS\n^PQ1,1,1,Y^XZ',549,0),(2,'Label:OF','','','2019-03-26 12:41:45',1,4,3,'CT~~CD,~CC^~CT~\n^XA~TA000~JSN^LT0^MNN^MTT^PON^PMN^LH0,0^JMA^PR5,5~SD20^JUS^LRN^CI0^XZ\n^XA\n^MMC\n^PW591\n^LL0827\n^LS0\n^FO125,425^A0B,42,40^FH^FDVW 216 CAV CONFORTLINE^FS\n^FO175,435^A0B,42,40^FH^FD2@[TC-Reference]^FS\n^FO475,465^A0B,42,40^FH^FDOF:1234567^FS\n^BY4,4,140^FT463,779^BCB,,N,N^FD1234567^FS^FS\n^PQ1,1,1,Y^XZ',550,0),(2,'Label:OK','','','2019-03-26 13:20:42',1,2,3,'CT~~CD,~CC^~CT~\n^XA~TA000~JSN^LT0^MNN^MTT^PON^PMN^LH0,0^JMA^PR5,5~SD20^JUS^LRN^CI0^XZ\n^XA\n^MMC\n^PW591\n^LL0827\n^LS0\n^FO96,192^GFA,02048,02048,00016,:Z64:\neJztlDFuwzAMRWkogDoUdcdM1RVygCC6WFA5yMV8jy46gkcPgthPN5Jot+mUMdweLJHU56eJnvGA2K3R8bxiZh4UGvCouAfrC56/mBWHGUcadnJZJTTyzbeEVnL1U+tmoiPZxmEwnCm37pCRB77HXZIOJ1cKmvkNJWdXCprJD8Spj4Wjj3iCLdzHkJDAlAb6EdU7vpYXu4uoEy6Vr8xIMFY2oo6NqaiD7jKqnG98oiByTp+VHfNEh9ONj4v+uNc4/MfphOdFenWF/dChwXPjSKiVGs+ir+JMe/KKedgTZ8VxbzdsVoz7Id/PN23qjet+8BHv393ldwgEMQsfaRGUml5WBH8pvOgZ6VD0/RC5hqa3zCeTjVkxDFvn9WueF1Gb67zhhwTFqz9MXPxuG0PwkGwsDCt2PFe/iT8diwn/ZnF64DEUJA//J+V/HzFv2xZwWR3FNi2HKi/7FsbKso+dXnD43en9hX6cFG/3ffs/+BFYhczvGc94fHwDDgcK4w==:7AA8\n^FO32,576^GFA,03584,03584,00016,:Z64:\neJzt1jFuhDAQBdCxXLhbH4Gb2MdJmzIVONVeyxEHyBW8SkFLSYE8oeR/ItCKFFHEdE9rxjMejFbkiiv+fTit4EhWtCE7sic3o5vA2YBjkhksUsnt2u3WQTB2zes5XyDz/lzv0g+6YL9+juParnZlbVu7vLapXYLqW9he5PYqT0U2kM9kC/u5YqEeXxzU6zfzszivX54fdfuTd+d5fn6W5teAl/nB+RzPr8MGbm9yLhrYTwq9T0Wx3gfaPxT7/ZpwXv2I52XRwRU8/60j1OewXHbrMj7v0cFnrKcha8J+9J1M86xoO1uYp4x4P5YVSc6Ep3RdDzTaQ36rfVnbaY/3UXu8jwM63j/wPrpcyXj/tg57loPf2YHy8/7xnnFeVD/354dPfL8Hxfs4aFnbDJqg/hcFipvlycB8Ysq+8X1rEpu+Pwm/n4vbAweyHJjXcz7an+uDA1v+PXQTeSQXckLzF/6KK/5CfAOOSta2:B5A3\n^FO64,96^GFA,02048,02048,00016,:Z64:\neJztlDtOxDAQhscYbRorKWijrBAXCF2QVpyFIyxdCmBNR7HiAlwmVFzDB0Bi6UBCBM+M3wjRINHsSFnnW9szf8YzBtjbn5u45/Fy4lEe8d8Pbv7glHnr+Zj5zrE8yVk88TA7f3D4PebmI8Nmnncp39gVqcI3gKWOXNl3kWxYYqRV5Gtjf7rIz6Pb5ARva3Tq5UGlaG7tuVY0F3hQgMFaz72iYLXntaL3wJOiYNKrtyxMDCi1sj4jV6BYvWFeIFdRADE66J08ZFw8MLfEq8ADcRcEM0tNQ2TjBfc8sbaByC6YW9IQufZsmKV2PDnHO5nzVcGdcOlwXN3qjMVjzvBa8FnBTcHyFy7Xl/7ec5aFnkbk3DGH7xvz75VGZvlq9A/5dDx65vOwB75IWU6e+fwayM9zFc67LepDIcvIob76hLH+0nobSZhLY16/WM+YytBAls8h1jsYRdsrz73C7bE/Bu630E+tavg7nFWKejn0n9zuIO1XeMHtsZ9h1pyQ4BAguw9oaXJfYDLwCfZp7xudcDNvsvuovK9AwN7+wb4Auv5qUw==:6FA1\n^FO192,608^GFA,01920,01920,00012,:Z64:\neJztkjEKgDAQBCMWKfOE/EQ/JurTfEqeYJkiuAYld4dgoUZByFRThGN3iVKFQuHPdC/7AIS7/na2qzQanu5okfPEvcbCPjU5PB4nj1365L2oNmzPdtqxJrfOUH4LzMkN4JLXwESFAVJlvbpCDMlbiWzSg3Avej3xIDY57MN/bKx4H2d4H+CzfXKwAo1jaNY=:9C5D\n^FO32,64^GFA,06144,06144,00008,:Z64:\neJztxbEJADAAw7D+f6VP6dw9hRiiRedMCaS349Pt2CqEb8d+bkd4C7YCn27HViF8O/ZzO8JbsFUI346tQngLtscFWmNEsA==:5604\n^FO32,256^GFA,03840,03840,00012,:Z64:\neJzt1sFtwzAMhWEaPuhWbiAuEqSLFYUnSVbJKBmhxxwMqwUKmL/QqJEt5xS/03eyRJmiLdKYLqXZAdaib7MtHmbHGAvWxzZYDca6OrmDW/oRxXzJ+ugWVvOzou382BrxHFiWOt/bRuHZ9t4DGvz8De8lKp3gs9sKPUAf3QbrBI/eb4G+ubur92pb9j75L0vnidF4TqxwVsngDhd3X1qrwltl6bqGGSvyAR/h4kkU7KebrzUVjHudWubq/UTsP8obvL6fo9f402IJnusKuUfYa6zpvRrvac/+f/I3ii7T7B613B18ZzkrYB18/ujVawyYGz3mRs85xhnyPsjm2f9PfvPp7CaslbmwzxNqqbkXRaNn6JNvThP7p6ZnLrIyYXiC8X1Z7Cfs51XzDR1q0Vo=:8BA6\n^FO64,32^GFA,02048,02048,00032,:Z64:\neJzt1VFqhDAQBuAZ5iGPuUBpLlLwYoXdm/Qqll7EI/iYhyHTP6ka282a0oWWwg6IyqeTScwg0T3+NIJdj9RxO3d87Ph8o8f/4f7Yx4a/7Jwa7qqnhitXV7p8vedJjn1fP1zL428WxcaTlcOiX3ymcCY3u0RGgi96moiVsbeG1R8JAFcS7JgBu+qZQX7NjxNljyQwj7snRiK3uVjx2b0iuycbH3gKKKrWv7h9eJl/9TV/9pw/+4Savu2San6MVTxEuaxv79r2Rv2KUXHJ8Nxx6/w3z32qZQ1zxw1fPLGhWLwZYl5RxoILvu/mB3H3Vu99ctdxudGvN9/i4cD1F38kP4t32XpzCg==:2DF9\n^FO125,425^A0B,42,40^FH^FDDate:@[DD]-@[MM]-@[Y:SIZE=2]^FS\n^FO270,225^A0B,42,40^FH^FDINDEX:@[Indice]^FS\n^FO270,500^A0B,42,40^FH^FD@[Planificador for label]@[SERIAL:FMT=07]^FS\n^FO175,435^A0B,42,40^FH^FD2@[TC-Reference]^FS\n^FO475,465^A0B,42,40^FH^FD@[Short description for label]^FS\n^BY4,4,140^FT463,779^BCB,,N,N^FD@[Planificador for label]@[SERIAL:FMT=07]^FS^FS\n^PQ1,1,1,Y^XZ',551,0);
INSERT INTO `product_parameters` (`product_id`,`name`,`description`,`value`,`time`,`user_id`,`property`,`vtype`,`text`,`parameter_id`,`tester_id`) VALUES (2,'Label:OF','','','2019-03-26 14:15:16',1,4,3,'CT~~CD,~CC^~CT~\n^XA~TA000~JSN^LT0^MNN^MTT^PON^PMN^LH0,0^JMA^PR5,5~SD20^JUS^LRN^CI0^XZ\n^XA\n^MMC\n^PW591\n^LL0827\n^LS0\n^FO125,275^A0B,42,40^FH^FDVW 216 CAV CONFORTLINE^FS\n^FO205,325^A0B,42,40^FH^FD2@[TC-Reference]^FS\n^FO415,355^A0B,42,40^FH^FDOF:@[OF]^FS\n^BY4,4,140^FT388,699^BCB,,N,N^FD@[OF]^FS^FS\n^PQ1,1,1,Y^XZ',552,0),(2,'Label:OF','','','2019-03-26 15:34:57',1,4,3,'CT~~CD,~CC^~CT~\n^XA~TA000~JSN^LT0^MNN^MTT^PON^PMN^LH0,0^JMA^PR5,5~SD20^JUS^LRN^CI0^XZ\n^XA\n^MMC\n^PW591\n^LL0827\n^LS0\n\n^FO050,325^A0B,42,40^FH^FD2@[TC-Reference]^FS\n^FO255,300^A0B,42,40^FH^FDVW216-676 A808G3^FS\n^BY3,5,155^FT245,790^BCB,,N,N^FDVW216-676 A808G3^FS^FS\n^FO440,355^A0B,42,40^FH^FDOF:@[OF]^FS\n^BY4,4,140^FT430,639^BCB,,N,N^FD@[OF]^FS^FS\n^PQ1,1,1,Y^XZ',553,0),(4,'Label:OF','','','2019-03-26 15:35:26',1,2,3,'CT~~CD,~CC^~CT~\n^XA~TA000~JSN^LT0^MNN^MTT^PON^PMN^LH0,0^JMA^PR5,5~SD20^JUS^LRN^CI0^XZ\n^XA\n^MMC\n^PW591\n^LL0827\n^LS0\n\n^FO050,325^A0B,42,40^FH^FD2@[TC-Reference]^FS\n^FO255,300^A0B,42,40^FH^FDVW216-676 A808G3^FS\n^BY3,5,155^FT245,790^BCB,,N,N^FDVW216-676 A808G3^FS^FS\n^FO440,355^A0B,42,40^FH^FDOF:@[OF]^FS\n^BY4,4,140^FT430,639^BCB,,N,N^FD@[OF]^FS^FS\n^PQ1,1,1,Y^XZ',554,0),(4,'Label:OF','','','2019-03-26 15:36:43',1,4,3,'CT~~CD,~CC^~CT~\n^XA~TA000~JSN^LT0^MNN^MTT^PON^PMN^LH0,0^JMA^PR5,5~SD20^JUS^LRN^CI0^XZ\n^XA\n^MMC\n^PW591\n^LL0827\n^LS0\n^FO125,275^A0B,42,40^FH^FDVW 216 CAV CONFORTLINE^FS\n^FO205,325^A0B,42,40^FH^FD2@[TC-Reference]^FS\n^FO415,355^A0B,42,40^FH^FDOF:@[OF]^FS\n^BY4,4,140^FT388,699^BCB,,N,N^FD@[OF]^FS^FS\n^PQ1,1,1,Y^XZ',555,0);
INSERT INTO `product_parameters` (`product_id`,`name`,`description`,`value`,`time`,`user_id`,`property`,`vtype`,`text`,`parameter_id`,`tester_id`) VALUES (2,'Label:OF','','','2019-03-26 16:13:35',1,4,3,'CT~~CD,~CC^~CT~\n^XA~TA000~JSN^LT0^MNN^MTT^PON^PMN^LH0,0^JMA^PR5,5~SD20^JUS^LRN^CI0^XZ\n^XA\n^MMC\n^PW591\n^LL0827\n^LS0\n^FO32,64^GFA,06144,06144,00008,:Z64:\neJztxbEJADAAw7D+f6VP6dw9hRiiRedMCaS349Pt2CqEb8d+bkd4C7YCn27HViF8O/ZzO8JbsFUI346tQngLtscFWmNEsA==:5604\n^FO050,325^A0B,42,40^FH^FD2@[TC-Reference]^FS\n^FO255,300^A0B,42,40^FH^FDVW216-676 A808G3^FS\n^BY3,5,155^FT245,790^BCB,,N,N^FDVW216-676 A808G3^FS^FS\n^FO440,355^A0B,42,40^FH^FDOF:@[OF]^FS\n^BY4,4,140^FT430,639^BCB,,N,N^FD@[OF]^FS^FS\n^PQ1,1,1,Y^XZ',556,0),(4,'Label:OF','','','2019-03-26 16:13:51',1,4,3,'CT~~CD,~CC^~CT~\n^XA~TA000~JSN^LT0^MNN^MTT^PON^PMN^LH0,0^JMA^PR5,5~SD20^JUS^LRN^CI0^XZ\n^XA\n^MMC\n^PW591\n^LL0827\n^LS0\n^FO32,64^GFA,06144,06144,00008,:Z64:\neJztxbEJADAAw7D+f6VP6dw9hRiiRedMCaS349Pt2CqEb8d+bkd4C7YCn27HViF8O/ZzO8JbsFUI346tQngLtscFWmNEsA==:5604\n^FO125,275^A0B,42,40^FH^FDVW 216 CAV CONFORTLINE^FS\n^FO205,325^A0B,42,40^FH^FD2@[TC-Reference]^FS\n^FO415,355^A0B,42,40^FH^FDOF:@[OF]^FS\n^BY4,4,140^FT388,699^BCB,,N,N^FD@[OF]^FS^FS\n^PQ1,1,1,Y^XZ',557,0),(2,'Label:OF','','','2019-03-26 16:16:46',1,4,3,'CT~~CD,~CC^~CT~\n^XA~TA000~JSN^LT0^MNN^MTT^PON^PMN^LH0,0^JMA^PR5,5~SD20^JUS^LRN^CI0^XZ\n^XA\n^MMC\n^PW591\n^LL0827\n^LS0\n^FO14,64^GFA,06144,06144,00008,:Z64:\neJztxbEJADAAw7D+f6VP6dw9hRiiRedMCaS349Pt2CqEb8d+bkd4C7YCn27HViF8O/ZzO8JbsFUI346tQngLtscFWmNEsA==:5604\n^FO050,325^A0B,42,40^FH^FD2@[TC-Reference]^FS\n^FO255,300^A0B,42,40^FH^FDVW216-676 A808G3^FS\n^BY3,5,155^FT245,790^BCB,,N,N^FDVW216-676 A808G3^FS^FS\n^FO440,355^A0B,42,40^FH^FDOF:@[OF]^FS\n^BY4,4,140^FT430,639^BCB,,N,N^FD@[OF]^FS^FS\n^PQ1,1,1,Y^XZ',558,0);
INSERT INTO `product_parameters` (`product_id`,`name`,`description`,`value`,`time`,`user_id`,`property`,`vtype`,`text`,`parameter_id`,`tester_id`) VALUES (2,'Label:OF','','','2019-03-26 16:17:18',1,4,3,'CT~~CD,~CC^~CT~\n^XA~TA000~JSN^LT0^MNN^MTT^PON^PMN^LH0,0^JMA^PR5,5~SD20^JUS^LRN^CI0^XZ\n^XA\n^MMC\n^PW591\n^LL0827\n^LS0\n^FO10,64^GFA,06144,06144,00008,:Z64:\neJztxbEJADAAw7D+f6VP6dw9hRiiRedMCaS349Pt2CqEb8d+bkd4C7YCn27HViF8O/ZzO8JbsFUI346tQngLtscFWmNEsA==:5604\n^FO050,325^A0B,42,40^FH^FD2@[TC-Reference]^FS\n^FO255,300^A0B,42,40^FH^FDVW216-676 A808G3^FS\n^BY3,5,155^FT245,790^BCB,,N,N^FDVW216-676 A808G3^FS^FS\n^FO440,355^A0B,42,40^FH^FDOF:@[OF]^FS\n^BY4,4,140^FT430,639^BCB,,N,N^FD@[OF]^FS^FS\n^PQ1,1,1,Y^XZ',559,0),(2,'Label:OK','','','2019-03-26 16:27:18',1,20,3,'CT~~CD,~CC^~CT~\n^XA~TA000~JSN^LT0^MNN^MTT^PON^PMN^LH0,0^JMA^PR5,5~SD17^JUS^LRN^CI0^XZ\n^XA\n^MMC\n^PW591\n^LL0827\n^LS0\n^FO96,192^GFA,02048,02048,00016,:Z64:\neJztlDFuwzAMRWkogDoUdcdM1RVygCC6WFA5yMV8jy46gkcPgthPN5Jot+mUMdweLJHU56eJnvGA2K3R8bxiZh4UGvCouAfrC56/mBWHGUcadnJZJTTyzbeEVnL1U+tmoiPZxmEwnCm37pCRB77HXZIOJ1cKmvkNJWdXCprJD8Spj4Wjj3iCLdzHkJDAlAb6EdU7vpYXu4uoEy6Vr8xIMFY2oo6NqaiD7jKqnG98oiByTp+VHfNEh9ONj4v+uNc4/MfphOdFenWF/dChwXPjSKiVGs+ir+JMe/KKedgTZ8VxbzdsVoz7Id/PN23qjet+8BHv393ldwgEMQsfaRGUml5WBH8pvOgZ6VD0/RC5hqa3zCeTjVkxDFvn9WueF1Gb67zhhwTFqz9MXPxuG0PwkGwsDCt2PFe/iT8diwn/ZnF64DEUJA//J+V/HzFv2xZwWR3FNi2HKi/7FsbKso+dXnD43en9hX6cFG/3ffs/+BFYhczvGc94fHwDDgcK4w==:7AA8\n^FO32,576^GFA,03584,03584,00016,:Z64:\neJzt1jFuhDAQBdCxXLhbH4Gb2MdJmzIVONVeyxEHyBW8SkFLSYE8oeR/ItCKFFHEdE9rxjMejFbkiiv+fTit4EhWtCE7sic3o5vA2YBjkhksUsnt2u3WQTB2zes5XyDz/lzv0g+6YL9+juParnZlbVu7vLapXYLqW9he5PYqT0U2kM9kC/u5YqEeXxzU6zfzszivX54fdfuTd+d5fn6W5teAl/nB+RzPr8MGbm9yLhrYTwq9T0Wx3gfaPxT7/ZpwXv2I52XRwRU8/60j1OewXHbrMj7v0cFnrKcha8J+9J1M86xoO1uYp4x4P5YVSc6Ep3RdDzTaQ36rfVnbaY/3UXu8jwM63j/wPrpcyXj/tg57loPf2YHy8/7xnnFeVD/354dPfL8Hxfs4aFnbDJqg/hcFipvlycB8Ysq+8X1rEpu+Pwm/n4vbAweyHJjXcz7an+uDA1v+PXQTeSQXckLzF/6KK/5CfAOOSta2:B5A3\n^FO64,96^GFA,02048,02048,00016,:Z64:\neJztlDtOxDAQhscYbRorKWijrBAXCF2QVpyFIyxdCmBNR7HiAlwmVFzDB0Bi6UBCBM+M3wjRINHsSFnnW9szf8YzBtjbn5u45/Fy4lEe8d8Pbv7glHnr+Zj5zrE8yVk88TA7f3D4PebmI8Nmnncp39gVqcI3gKWOXNl3kWxYYqRV5Gtjf7rIz6Pb5ARva3Tq5UGlaG7tuVY0F3hQgMFaz72iYLXntaL3wJOiYNKrtyxMDCi1sj4jV6BYvWFeIFdRADE66J08ZFw8MLfEq8ADcRcEM0tNQ2TjBfc8sbaByC6YW9IQufZsmKV2PDnHO5nzVcGdcOlwXN3qjMVjzvBa8FnBTcHyFy7Xl/7ec5aFnkbk3DGH7xvz75VGZvlq9A/5dDx65vOwB75IWU6e+fwayM9zFc67LepDIcvIob76hLH+0nobSZhLY16/WM+YytBAls8h1jsYRdsrz73C7bE/Bu630E+tavg7nFWKejn0n9zuIO1XeMHtsZ9h1pyQ4BAguw9oaXJfYDLwCfZp7xudcDNvsvuovK9AwN7+wb4Auv5qUw==:6FA1\n^FO192,608^GFA,01920,01920,00012,:Z64:\neJztkjEKgDAQBCMWKfOE/EQ/JurTfEqeYJkiuAYld4dgoUZByFRThGN3iVKFQuHPdC/7AIS7/na2qzQanu5okfPEvcbCPjU5PB4nj1365L2oNmzPdtqxJrfOUH4LzMkN4JLXwESFAVJlvbpCDMlbiWzSg3Avej3xIDY57MN/bKx4H2d4H+CzfXKwAo1jaNY=:9C5D\n^FO32,64^GFA,06144,06144,00008,:Z64:\neJztxbEJADAAw7D+f6VP6dw9hRiiRedMCaS349Pt2CqEb8d+bkd4C7YCn27HViF8O/ZzO8JbsFUI346tQngLtscFWmNEsA==:5604\n^FO32,256^GFA,03840,03840,00012,:Z64:\neJzt1sFtwzAMhWEaPuhWbiAuEqSLFYUnSVbJKBmhxxwMqwUKmL/QqJEt5xS/03eyRJmiLdKYLqXZAdaib7MtHmbHGAvWxzZYDca6OrmDW/oRxXzJ+ugWVvOzou382BrxHFiWOt/bRuHZ9t4DGvz8De8lKp3gs9sKPUAf3QbrBI/eb4G+ubur92pb9j75L0vnidF4TqxwVsngDhd3X1qrwltl6bqGGSvyAR/h4kkU7KebrzUVjHudWubq/UTsP8obvL6fo9f402IJnusKuUfYa6zpvRrvac/+f/I3ii7T7B613B18ZzkrYB18/ujVawyYGz3mRs85xhnyPsjm2f9PfvPp7CaslbmwzxNqqbkXRaNn6JNvThP7p6ZnLrIyYXiC8X1Z7Cfs51XzDR1q0Vo=:8BA6\n^FO64,32^GFA,02048,02048,00032,:Z64:\neJzt1VFqhDAQBuAZ5iGPuUBpLlLwYoXdm/Qqll7EI/iYhyHTP6ka282a0oWWwg6IyqeTScwg0T3+NIJdj9RxO3d87Ph8o8f/4f7Yx4a/7Jwa7qqnhitXV7p8vedJjn1fP1zL428WxcaTlcOiX3ymcCY3u0RGgi96moiVsbeG1R8JAFcS7JgBu+qZQX7NjxNljyQwj7snRiK3uVjx2b0iuycbH3gKKKrWv7h9eJl/9TV/9pw/+4Savu2San6MVTxEuaxv79r2Rv2KUXHJ8Nxx6/w3z32qZQ1zxw1fPLGhWLwZYl5RxoILvu/mB3H3Vu99ctdxudGvN9/i4cD1F38kP4t32XpzCg==:2DF9\n^FO125,425^A0B,42,40^FH^FDDate:@[DD]-@[MM]-@[Y:SIZE=2]^FS\n^FO270,225^A0B,42,40^FH^FDINDEX:@[Indice]^FS\n^FO270,500^A0B,42,40^FH^FD@[Planificador for label]@[SERIAL:FMT=07]^FS\n^FO175,435^A0B,42,40^FH^FD2@[TC-Reference]^FS\n^FO475,465^A0B,42,40^FH^FD@[Short description for label]^FS\n^BY4,4,140^FT463,779^BCB,,N,N^FD@[Planificador for label]@[SERIAL:FMT=07]^FS^FS\n^PQ1,1,1,Y^XZ',560,0),(2,'Label:OF','','','2019-03-26 16:28:38',1,20,3,'CT~~CD,~CC^~CT~\n^XA~TA000~JSN^LT0^MNN^MTT^PON^PMN^LH0,0^JMA^PR5,5~SD17^JUS^LRN^CI0^XZ\n^XA\n^MMC\n^PW591\n^LL0827\n^LS0\n^FO10,64^GFA,06144,06144,00008,:Z64:\neJztxbEJADAAw7D+f6VP6dw9hRiiRedMCaS349Pt2CqEb8d+bkd4C7YCn27HViF8O/ZzO8JbsFUI346tQngLtscFWmNEsA==:5604\n^FO050,325^A0B,42,40^FH^FD2@[TC-Reference]^FS\n^FO255,300^A0B,42,40^FH^FDVW216-676 A808G3^FS\n^BY3,5,155^FT245,790^BCB,,N,N^FDVW216-676 A808G3^FS^FS\n^FO440,355^A0B,42,40^FH^FDOF:@[OF]^FS\n^BY4,4,140^FT430,639^BCB,,N,N^FD@[OF]^FS^FS\n^PQ1,1,1,Y^XZ',561,0);
INSERT INTO `product_parameters` (`product_id`,`name`,`description`,`value`,`time`,`user_id`,`property`,`vtype`,`text`,`parameter_id`,`tester_id`) VALUES (4,'Label:OF','','','2019-03-26 16:28:53',1,4,3,'CT~~CD,~CC^~CT~\n^XA~TA000~JSN^LT0^MNN^MTT^PON^PMN^LH0,0^JMA^PR5,5~SD17^JUS^LRN^CI0^XZ\n^XA\n^MMC\n^PW591\n^LL0827\n^LS0\n^FO32,64^GFA,06144,06144,00008,:Z64:\neJztxbEJADAAw7D+f6VP6dw9hRiiRedMCaS349Pt2CqEb8d+bkd4C7YCn27HViF8O/ZzO8JbsFUI346tQngLtscFWmNEsA==:5604\n^FO125,275^A0B,42,40^FH^FDVW 216 CAV CONFORTLINE^FS\n^FO205,325^A0B,42,40^FH^FD2@[TC-Reference]^FS\n^FO415,355^A0B,42,40^FH^FDOF:@[OF]^FS\n^BY4,4,140^FT388,699^BCB,,N,N^FD@[OF]^FS^FS\n^PQ1,1,1,Y^XZ',562,0),(4,'Label:OF','','','2019-03-26 17:38:44',1,20,3,'CT~~CD,~CC^~CT~\n^XA~TA000~JSN^LT0^MNN^MTT^PON^PMN^LH0,0^JMA^PR5,5~SD17^JUS^LRN^CI0^XZ\n^XA\n^MMC\n^PW591\n^LL0827\n^LS0\n^FO32,64^GFA,06144,06144,00008,:Z64:\neJztxbEJADAAw7D+f6VP6dw9hRiiRedMCaS349Pt2CqEb8d+bkd4C7YCn27HViF8O/ZzO8JbsFUI346tQngLtscFWmNEsA==:5604\n^FO125,275^A0B,42,40^FH^FD@[OF Description]^FS\n^FO205,325^A0B,42,40^FH^FD2@[TC-Reference]^FS\n^FO415,355^A0B,42,40^FH^FDOF:@[OF]^FS\n^BY4,4,140^FT388,699^BCB,,N,N^FD@[OF]^FS^FS\n^PQ1,1,1,Y^XZ',563,0);
CREATE TABLE `product_status` (
  `time` varchar(45) character set latin1 NOT NULL default '',
  `tester_id` int(10) unsigned NOT NULL,
  `product_id` int(10) unsigned NOT NULL,
  `serial` varchar(45) character set latin1 NOT NULL default '',
  `user_name` double NOT NULL default '0',
  KEY `Index_time` (`time`),
  KEY `Index_tester_mode` (`tester_id`),
  KEY `Index` (`serial`)
) ENGINE=InnoDB DEFAULT CHARSET=utf8 COMMENT='InnoDB free: 8192 kB';
CREATE TABLE `product_types` (
  `product_id` int(10) unsigned NOT NULL,
  `name` varchar(45) character set latin2 NOT NULL,
  `description` varchar(255) character set latin2 default NULL,
  `time` varchar(45) character set latin2 NOT NULL default '',
  `user_id` int(10) unsigned NOT NULL,
  `property` smallint(5) unsigned NOT NULL,
  `parameter_id` int(10) unsigned NOT NULL,
  PRIMARY KEY  (`parameter_id`),
  KEY `Index_1` (`product_id`),
  KEY `Index_ZR` (`product_id`,`property`)
) ENGINE=InnoDB DEFAULT CHARSET=utf8;
INSERT INTO `product_types` (`product_id`,`name`,`description`,`time`,`user_id`,`property`,`parameter_id`) VALUES (1,'TESCA','','2019-03-20 10:06:22',1,50,1),(2,'VW216','','2019-03-20 10:06:23',1,50,2),(3,'trendline','','2019-03-20 10:06:23',1,50,3),(4,'GM881405  QMR','','2019-03-20 10:06:23',1,50,4),(5,'GM881805  QMR','','2019-03-20 10:06:23',1,50,5),(6,'GM881805D QMR','','2019-03-20 10:06:23',1,50,6),(7,'GM881805K QMR','','2019-03-20 10:06:23',1,50,7),(8,'GM881805L QMR','','2019-03-20 10:06:23',1,50,8),(9,'GM881805S QMR','','2019-03-20 10:06:23',1,50,9),(10,'GM881805T QMR','','2019-03-20 10:06:23',1,50,10),(11,'GM881806  QMR','','2019-03-20 10:06:23',1,50,11),(12,'GM881806AAQMR','','2019-03-20 10:06:24',1,50,12),(13,'GM881806AGQMR','','2019-03-20 10:06:24',1,50,13),(14,'GM881806AHQMR','','2019-03-20 10:06:24',1,50,14),(15,'GM881806D QMR','','2019-03-20 10:06:24',1,50,15),(16,'GM881806T QMR','','2019-03-20 10:06:24',1,50,16),(17,'GM885405  SCU','','2019-03-20 10:06:24',1,50,17),(18,'GM885805  QQH','','2019-03-20 10:06:24',1,50,18),(19,'GM885806  QQH','','2019-03-20 10:06:24',1,50,19);
INSERT INTO `product_types` (`product_id`,`name`,`description`,`time`,`user_id`,`property`,`parameter_id`) VALUES (20,'confortline','','2019-03-20 10:06:24',1,50,20),(21,'GM881405A TJN','','2019-03-20 10:06:25',1,50,21),(22,'GM881805A TJN','','2019-03-20 10:06:25',1,50,22),(23,'GM881805AATJN','','2019-03-20 10:06:25',1,50,23),(24,'GM881805ABTJN','','2019-03-20 10:06:25',1,50,24),(25,'GM881805E TJN','','2019-03-20 10:06:25',1,50,25),(26,'GM881805M TJN','','2019-03-20 10:06:25',1,50,26),(27,'GM881805N TJN','','2019-03-20 10:06:25',1,50,27),(28,'GM881806A TJN','','2019-03-20 10:06:25',1,50,28),(29,'GM881806ABTJN','','2019-03-20 10:06:26',1,50,29),(30,'GM881806ACTJN','','2019-03-20 10:06:26',1,50,30),(31,'GM881806AJTJN','','2019-03-20 10:06:26',1,50,31),(32,'GM881806AKTJN','','2019-03-20 10:06:26',1,50,32),(33,'GM881806E TJN','','2019-03-20 10:06:26',1,50,33),(34,'GM881806F TJN','','2019-03-20 10:06:27',1,50,34),(35,'GM881806G TJN','','2019-03-20 10:06:27',1,50,35),(36,'GM885405A TJS','','2019-03-20 10:06:27',1,50,36),(37,'GM885805A TJP','','2019-03-20 10:06:27',1,50,37);
INSERT INTO `product_types` (`product_id`,`name`,`description`,`time`,`user_id`,`property`,`parameter_id`) VALUES (38,'GM885806A TJP','','2019-03-20 10:06:27',1,50,38),(39,'highline','','2019-03-20 10:06:27',1,50,39),(40,'GM881405B TJQ','','2019-03-20 10:06:27',1,50,40),(41,'GM881406B TJQ','','2019-03-20 10:06:27',1,50,41),(42,'GM881805ACTJQ','','2019-03-20 10:06:27',1,50,42),(43,'GM881805ADTJQ','','2019-03-20 10:06:28',1,50,43),(44,'GM881805B TJQ','','2019-03-20 10:06:28',1,50,44),(45,'GM881805P TJQ','','2019-03-20 10:06:28',1,50,45),(46,'GM881805F TJQ','','2019-03-20 10:06:28',1,50,46),(47,'GM881805Q TJQ','','2019-03-20 10:06:28',1,50,47),(48,'GM881806ADTJQ','','2019-03-20 10:06:28',1,50,48),(49,'GM881806AETJQ','','2019-03-20 10:06:28',1,50,49),(50,'GM881806ALTJQ','','2019-03-20 10:06:28',1,50,50),(51,'GM881806AMTJQ','','2019-03-20 10:06:28',1,50,51),(52,'GM881806B TJQ','','2019-03-20 10:06:29',1,50,52),(53,'GM881806H TJQ','','2019-03-20 10:06:29',1,50,53),(54,'GM881806K TJQ','','2019-03-20 10:06:29',1,50,54),(55,'GM881806L TJQ','','2019-03-20 10:06:29',1,50,55);
INSERT INTO `product_types` (`product_id`,`name`,`description`,`time`,`user_id`,`property`,`parameter_id`) VALUES (56,'GM885405B TJW','','2019-03-20 10:06:29',1,50,56),(57,'GM885805B TJV','','2019-03-20 10:06:29',1,50,57),(58,'GM885806B TJV','','2019-03-20 10:06:29',1,50,58),(59,'RLINE','','2019-03-20 10:06:29',1,50,59),(60,'GM881405D RGW','','2019-03-20 10:06:30',1,50,60),(61,'GM881406D RGW','','2019-03-20 10:06:30',1,50,61),(62,'GM881805H RGV','','2019-03-20 10:06:30',1,50,62),(63,'GM881805J RGV','','2019-03-20 10:06:30',1,50,63),(64,'GM881805AFRGV','','2019-03-20 10:06:30',1,50,64),(65,'GM881805AGRGV','','2019-03-20 10:06:30',1,50,65),(66,'GM881805AHRGV','','2019-03-20 10:06:30',1,50,66),(67,'GM881805AKRGV','','2019-03-20 10:06:30',1,50,67),(68,'GM881806P RGV','','2019-03-20 10:06:31',1,50,68),(69,'GM881806Q RGV','','2019-03-20 10:06:31',1,50,69),(70,'GM881806R RGV','','2019-03-20 10:06:31',1,50,70),(71,'GM881806S RGV','','2019-03-20 10:06:31',1,50,71),(72,'GM881806APRGV','','2019-03-20 10:06:31',1,50,72),(73,'GM881806AQRGV','','2019-03-20 10:06:31',1,50,73);
INSERT INTO `product_types` (`product_id`,`name`,`description`,`time`,`user_id`,`property`,`parameter_id`) VALUES (74,'GM881806ARRGV','','2019-03-20 10:06:31',1,50,74),(75,'GM881806ASRGV','','2019-03-20 10:06:31',1,50,75),(76,'GM885405D RGU','','2019-03-20 10:06:31',1,50,76),(77,'GM885805D RGT','','2019-03-20 10:06:32',1,50,77),(78,'GM885806D RGT','','2019-03-20 10:06:32',1,50,78),(79,'Designline','','2019-03-20 10:06:32',1,50,79),(80,'TURKIS','','2019-03-20 10:06:32',1,50,80),(81,'GM881405C TJY','','2019-03-20 10:06:32',1,50,81),(82,'GM881406C TJY','','2019-03-20 10:06:32',1,50,82),(83,'GM881805AETJX','','2019-03-20 10:06:33',1,50,83),(84,'GM881805G TJX','','2019-03-20 10:06:33',1,50,84),(85,'GM881805R TJX','','2019-03-20 10:06:33',1,50,85),(86,'GM881806AFTJX','','2019-03-20 10:06:33',1,50,86),(87,'GM881806ANTJX','','2019-03-20 10:06:33',1,50,87),(88,'GM881806J TJX','','2019-03-20 10:06:33',1,50,88),(89,'GM881806N TJX','','2019-03-20 10:06:34',1,50,89),(90,'GM885405C TKC','','2019-03-20 10:06:34',1,50,90),(91,'GM885805C TKB','','2019-03-20 10:06:34',1,50,91);
INSERT INTO `product_types` (`product_id`,`name`,`description`,`time`,`user_id`,`property`,`parameter_id`) VALUES (92,'GM885806C TKB','','2019-03-20 10:06:34',1,50,92),(93,'ORANGE','','2019-03-20 10:06:34',1,50,93),(94,'GM881405C TKG','','2019-03-20 10:06:34',1,50,94),(95,'GM881406C TKG','','2019-03-20 10:06:34',1,50,95),(96,'GM881805AETKD','','2019-03-20 10:06:35',1,50,96),(97,'GM881805G TKD','','2019-03-20 10:06:35',1,50,97),(98,'GM881805R TKD','','2019-03-20 10:06:35',1,50,98),(99,'GM881806AFTKD','','2019-03-20 10:06:35',1,50,99),(100,'GM881806ANTKD','','2019-03-20 10:06:35',1,50,100),(101,'GM881806J TKD','','2019-03-20 10:06:35',1,50,101),(102,'GM881806N TKD','','2019-03-20 10:06:35',1,50,102),(103,'GM885405C TKJ','','2019-03-20 10:06:35',1,50,103),(104,'GM885805C TKH','','2019-03-20 10:06:35',1,50,104),(105,'GM885806C TKH','','2019-03-20 10:06:36',1,50,105),(106,'GRAU','','2019-03-20 10:06:36',1,50,106),(107,'GM881405C TKY','','2019-03-20 10:06:36',1,50,107),(108,'GM881406C TKY','','2019-03-20 10:06:36',1,50,108),(109,'GM881805AETKX','','2019-03-20 10:06:36',1,50,109);
INSERT INTO `product_types` (`product_id`,`name`,`description`,`time`,`user_id`,`property`,`parameter_id`) VALUES (110,'GM881805G TKX','','2019-03-20 10:06:36',1,50,110),(111,'GM881805R TKX','','2019-03-20 10:06:36',1,50,111),(112,'GM881806AFTKX','','2019-03-20 10:06:36',1,50,112),(113,'GM881806ANTKX','','2019-03-20 10:06:36',1,50,113),(114,'GM881806J TKX','','2019-03-20 10:06:37',1,50,114),(115,'GM881806N TKX','','2019-03-20 10:06:37',1,50,115),(116,'GM885405C TLB','','2019-03-20 10:06:37',1,50,116),(117,'GM885805C TLA','','2019-03-20 10:06:37',1,50,117),(118,'GM885806C TLA','','2019-03-20 10:06:37',1,50,118);
CREATE TABLE `tester` (
  `tester_id` int(10) unsigned NOT NULL,
  `product_id` int(10) unsigned NOT NULL,
  `description` varchar(255) character set latin2 collate latin2_czech_cs default NULL,
  PRIMARY KEY  (`tester_id`)
) ENGINE=InnoDB DEFAULT CHARSET=utf8;
INSERT INTO `tester` (`tester_id`,`product_id`,`description`) VALUES (1,1,'TESCA');
CREATE TABLE `user` (
  `user_id` int(10) unsigned NOT NULL auto_increment,
  `name` varchar(45) character set latin2 NOT NULL,
  PRIMARY KEY  (`user_id`)
) ENGINE=InnoDB DEFAULT CHARSET=utf8;
INSERT INTO `user` (`user_id`,`name`) VALUES (1,'ARMA');
CREATE TABLE `user_parameters` (
  `user_id` int(10) unsigned NOT NULL,
  `password` varchar(45) character set latin1 default NULL,
  `ibutton` varchar(16) character set latin1 default NULL,
  `time` varchar(45) character set latin1 NOT NULL default '',
  `admin_id` int(10) unsigned NOT NULL,
  `property` smallint(5) unsigned NOT NULL
) ENGINE=InnoDB DEFAULT CHARSET=utf8;
INSERT INTO `user_parameters` (`user_id`,`password`,`ibutton`,`time`,`admin_id`,`property`) VALUES (1,'ù','','2019-03-21 12:00:00',1,18);
CREATE TABLE `user_rights` (
  `user_id` int(10) unsigned NOT NULL,
  `tester_id` int(10) unsigned NOT NULL,
  `rights_tester` int(10) unsigned NOT NULL,
  `rights_dbs` int(10) unsigned NOT NULL,
  `time` varchar(45) character set latin1 NOT NULL default '',
  `admin_id` int(10) unsigned NOT NULL,
  `property` smallint(5) unsigned NOT NULL
) ENGINE=InnoDB DEFAULT CHARSET=utf8;
INSERT INTO `user_rights` (`user_id`,`tester_id`,`rights_tester`,`rights_dbs`,`time`,`admin_id`,`property`) VALUES (1,0,255,255,'2019-03-21 12:00:00',1,18);
/*!40101 SET SQL_MODE=@OLD_SQL_MODE */;
/*!40014 SET FOREIGN_KEY_CHECKS=@OLD_FOREIGN_KEY_CHECKS */;
/*!40014 SET UNIQUE_CHECKS=@OLD_UNIQUE_CHECKS */;
SET CHARACTER_SET_CLIENT=@OLD_CHARACTER_SET_CLIENT;
SET CHARACTER_SET_RESULTS=@OLD_CHARACTER_SET_RESULTS;
SET COLLATION_CONNECTION=@OLD_COLLATION_CONNECTION;
/*!40101 SET CHARACTER_SET_CLIENT=@OLD_CHARACTER_SET_CLIENT */;
